[INFO] Fortress v5 — Backtest Pipeline | Mon Mar  9 11:10:28 CET 2026
[INFO] Log: /home/alexr/fortress_v5/logs/pipeline_20260309_111028.log

[0;36m══════════════════════════════════════════[0m
[0;36m  Stage 0: Forensic Data Audit[0m
[0;36m══════════════════════════════════════════[0m
2026-03-09 11:10:28,369 - INFO - ══════ Fortress v5 — Forensic Look-Ahead Audit ══════
2026-03-09 11:10:28,401 - INFO - TimescaleDB reachable. Running institutional look-ahead audit on fortress...
2026-03-09 11:10:28,861 - INFO - ✅ Macro Hypertable: ZERO look-ahead bias detected.
2026-03-09 11:10:29,011 - INFO - ✅ Price Hypertable: ZERO look-ahead bias detected.
2026-03-09 11:10:29,016 - INFO - ✅ TimescaleDB institutional audit complete.
2026-03-09 11:10:29,016 - INFO - Forensic Audit Passed. ZERO look-ahead violations.
[0;32m[OK][0m Stage 0: Forensic Data Audit complete.

[0;36m══════════════════════════════════════════[0m
[0;36m  Stage 1: Regime Posterior Precomputation[0m
[0;36m══════════════════════════════════════════[0m
2026-03-09 11:10:29,692 - INFO - ══════ Fortress v5 — Regime Posterior Precomputation ══════
2026-03-09 11:10:29,692 - INFO - Window: 2019-01-02 → 2024-12-31
2026-03-09 11:10:29,903 - INFO - Trading calendar: 1510 days
/home/alexr/fortress_v5/scripts/precompute_regime_posteriors.py:625: FutureWarning: You are using `torch.load` with `weights_only=False` (the current default value), which uses the default pickle module implicitly. It is possible to construct malicious pickle data which will execute arbitrary code during unpickling (See https://github.com/pytorch/pytorch/blob/main/SECURITY.md#untrusted-models for more details). In a future release, the default value for `weights_only` will be flipped to `True`. This limits the functions that could be executed during unpickling. Arbitrary objects will no longer be allowed to be loaded via this mode unless they are explicitly allowlisted by the user via `torch.serialization.add_safe_globals`. We recommend you start setting `weights_only=True` for any use case where you don't have full control of the loaded file. Please open an issue on GitHub for any issues related to this experimental feature.
  model.load_state_dict(torch.load(_WEIGHTS_PATH, map_location=device))
2026-03-09 11:10:32,935 - INFO - ✅ Mamba-KAN weights loaded from models/weights/mamba_kan_latest.pt. Running Full Mode.
2026-03-09 11:10:32,936 - INFO - Fetching data from TimescaleDB and running inference for 1510 dates...
2026-03-09 11:10:32,937 - WARNING - Data fetch failed for 2019-01-02: object of type 'coroutine' has no len()
/home/alexr/fortress_v5/scripts/precompute_regime_posteriors.py:677: RuntimeWarning: coroutine 'DataPipeline.get_observation_vector' was never awaited
  obs_window = pipeline.get_observation_vector(date)
RuntimeWarning: Enable tracemalloc to get the object allocation traceback
2026-03-09 11:10:32,940 - WARNING - Data fetch failed for 2019-01-03: object of type 'coroutine' has no len()
2026-03-09 11:10:32,940 - WARNING - Data fetch failed for 2019-01-04: object of type 'coroutine' has no len()
2026-03-09 11:10:32,940 - WARNING - Data fetch failed for 2019-01-07: object of type 'coroutine' has no len()
2026-03-09 11:10:32,940 - WARNING - Data fetch failed for 2019-01-08: object of type 'coroutine' has no len()
2026-03-09 11:10:32,940 - WARNING - Data fetch failed for 2019-01-09: object of type 'coroutine' has no len()
2026-03-09 11:10:32,940 - WARNING - Data fetch failed for 2019-01-10: object of type 'coroutine' has no len()
2026-03-09 11:10:32,940 - WARNING - Data fetch failed for 2019-01-11: object of type 'coroutine' has no len()
2026-03-09 11:10:32,940 - WARNING - Data fetch failed for 2019-01-14: object of type 'coroutine' has no len()
2026-03-09 11:10:32,940 - WARNING - Data fetch failed for 2019-01-15: object of type 'coroutine' has no len()
2026-03-09 11:10:32,940 - WARNING - Data fetch failed for 2019-01-16: object of type 'coroutine' has no len()
2026-03-09 11:10:32,940 - WARNING - Data fetch failed for 2019-01-17: object of type 'coroutine' has no len()
2026-03-09 11:10:32,940 - WARNING - Data fetch failed for 2019-01-18: object of type 'coroutine' has no len()
2026-03-09 11:10:32,940 - WARNING - Data fetch failed for 2019-01-22: object of type 'coroutine' has no len()
2026-03-09 11:10:32,940 - WARNING - Data fetch failed for 2019-01-23: object of type 'coroutine' has no len()
2026-03-09 11:10:32,940 - WARNING - Data fetch failed for 2019-01-24: object of type 'coroutine' has no len()
2026-03-09 11:10:32,940 - WARNING - Data fetch failed for 2019-01-25: object of type 'coroutine' has no len()
2026-03-09 11:10:32,940 - WARNING - Data fetch failed for 2019-01-28: object of type 'coroutine' has no len()
2026-03-09 11:10:32,940 - WARNING - Data fetch failed for 2019-01-29: object of type 'coroutine' has no len()
2026-03-09 11:10:32,940 - WARNING - Data fetch failed for 2019-01-30: object of type 'coroutine' has no len()
2026-03-09 11:10:32,940 - WARNING - Data fetch failed for 2019-01-31: object of type 'coroutine' has no len()
2026-03-09 11:10:32,940 - WARNING - Data fetch failed for 2019-02-01: object of type 'coroutine' has no len()
2026-03-09 11:10:32,940 - WARNING - Data fetch failed for 2019-02-04: object of type 'coroutine' has no len()
2026-03-09 11:10:32,940 - WARNING - Data fetch failed for 2019-02-05: object of type 'coroutine' has no len()
2026-03-09 11:10:32,940 - WARNING - Data fetch failed for 2019-02-06: object of type 'coroutine' has no len()
2026-03-09 11:10:32,940 - WARNING - Data fetch failed for 2019-02-07: object of type 'coroutine' has no len()
2026-03-09 11:10:32,940 - WARNING - Data fetch failed for 2019-02-08: object of type 'coroutine' has no len()
2026-03-09 11:10:32,940 - WARNING - Data fetch failed for 2019-02-11: object of type 'coroutine' has no len()
2026-03-09 11:10:32,940 - WARNING - Data fetch failed for 2019-02-12: object of type 'coroutine' has no len()
2026-03-09 11:10:32,940 - WARNING - Data fetch failed for 2019-02-13: object of type 'coroutine' has no len()
2026-03-09 11:10:32,940 - WARNING - Data fetch failed for 2019-02-14: object of type 'coroutine' has no len()
2026-03-09 11:10:32,940 - WARNING - Data fetch failed for 2019-02-15: object of type 'coroutine' has no len()
2026-03-09 11:10:32,940 - WARNING - Data fetch failed for 2019-02-19: object of type 'coroutine' has no len()
2026-03-09 11:10:32,940 - WARNING - Data fetch failed for 2019-02-20: object of type 'coroutine' has no len()
2026-03-09 11:10:32,940 - WARNING - Data fetch failed for 2019-02-21: object of type 'coroutine' has no len()
2026-03-09 11:10:32,940 - WARNING - Data fetch failed for 2019-02-22: object of type 'coroutine' has no len()
2026-03-09 11:10:32,940 - WARNING - Data fetch failed for 2019-02-25: object of type 'coroutine' has no len()
2026-03-09 11:10:32,940 - WARNING - Data fetch failed for 2019-02-26: object of type 'coroutine' has no len()
2026-03-09 11:10:32,940 - WARNING - Data fetch failed for 2019-02-27: object of type 'coroutine' has no len()
2026-03-09 11:10:32,940 - WARNING - Data fetch failed for 2019-02-28: object of type 'coroutine' has no len()
2026-03-09 11:10:32,940 - WARNING - Data fetch failed for 2019-03-01: object of type 'coroutine' has no len()
2026-03-09 11:10:32,940 - WARNING - Data fetch failed for 2019-03-04: object of type 'coroutine' has no len()
2026-03-09 11:10:32,940 - WARNING - Data fetch failed for 2019-03-05: object of type 'coroutine' has no len()
2026-03-09 11:10:32,940 - WARNING - Data fetch failed for 2019-03-06: object of type 'coroutine' has no len()
2026-03-09 11:10:32,940 - WARNING - Data fetch failed for 2019-03-07: object of type 'coroutine' has no len()
2026-03-09 11:10:32,940 - WARNING - Data fetch failed for 2019-03-08: object of type 'coroutine' has no len()
2026-03-09 11:10:32,940 - WARNING - Data fetch failed for 2019-03-11: object of type 'coroutine' has no len()
2026-03-09 11:10:32,940 - WARNING - Data fetch failed for 2019-03-12: object of type 'coroutine' has no len()
2026-03-09 11:10:32,940 - WARNING - Data fetch failed for 2019-03-13: object of type 'coroutine' has no len()
2026-03-09 11:10:32,940 - WARNING - Data fetch failed for 2019-03-14: object of type 'coroutine' has no len()
2026-03-09 11:10:32,940 - WARNING - Data fetch failed for 2019-03-15: object of type 'coroutine' has no len()
2026-03-09 11:10:32,940 - WARNING - Data fetch failed for 2019-03-18: object of type 'coroutine' has no len()
2026-03-09 11:10:32,940 - WARNING - Data fetch failed for 2019-03-19: object of type 'coroutine' has no len()
2026-03-09 11:10:32,940 - WARNING - Data fetch failed for 2019-03-20: object of type 'coroutine' has no len()
2026-03-09 11:10:32,940 - WARNING - Data fetch failed for 2019-03-21: object of type 'coroutine' has no len()
2026-03-09 11:10:32,940 - WARNING - Data fetch failed for 2019-03-22: object of type 'coroutine' has no len()
2026-03-09 11:10:32,940 - WARNING - Data fetch failed for 2019-03-25: object of type 'coroutine' has no len()
2026-03-09 11:10:32,940 - WARNING - Data fetch failed for 2019-03-26: object of type 'coroutine' has no len()
2026-03-09 11:10:32,940 - WARNING - Data fetch failed for 2019-03-27: object of type 'coroutine' has no len()
2026-03-09 11:10:32,940 - WARNING - Data fetch failed for 2019-03-28: object of type 'coroutine' has no len()
2026-03-09 11:10:32,940 - WARNING - Data fetch failed for 2019-03-29: object of type 'coroutine' has no len()
2026-03-09 11:10:32,940 - WARNING - Data fetch failed for 2019-04-01: object of type 'coroutine' has no len()
2026-03-09 11:10:32,940 - WARNING - Data fetch failed for 2019-04-02: object of type 'coroutine' has no len()
2026-03-09 11:10:32,941 - WARNING - Data fetch failed for 2019-04-03: object of type 'coroutine' has no len()
2026-03-09 11:10:32,941 - WARNING - Data fetch failed for 2019-04-04: object of type 'coroutine' has no len()
2026-03-09 11:10:32,941 - WARNING - Data fetch failed for 2019-04-05: object of type 'coroutine' has no len()
2026-03-09 11:10:32,941 - WARNING - Data fetch failed for 2019-04-08: object of type 'coroutine' has no len()
2026-03-09 11:10:32,941 - WARNING - Data fetch failed for 2019-04-09: object of type 'coroutine' has no len()
2026-03-09 11:10:32,941 - WARNING - Data fetch failed for 2019-04-10: object of type 'coroutine' has no len()
2026-03-09 11:10:32,941 - WARNING - Data fetch failed for 2019-04-11: object of type 'coroutine' has no len()
2026-03-09 11:10:32,941 - WARNING - Data fetch failed for 2019-04-12: object of type 'coroutine' has no len()
2026-03-09 11:10:32,941 - WARNING - Data fetch failed for 2019-04-15: object of type 'coroutine' has no len()
2026-03-09 11:10:32,941 - WARNING - Data fetch failed for 2019-04-16: object of type 'coroutine' has no len()
2026-03-09 11:10:32,941 - WARNING - Data fetch failed for 2019-04-17: object of type 'coroutine' has no len()
2026-03-09 11:10:32,941 - WARNING - Data fetch failed for 2019-04-18: object of type 'coroutine' has no len()
2026-03-09 11:10:32,941 - WARNING - Data fetch failed for 2019-04-22: object of type 'coroutine' has no len()
2026-03-09 11:10:32,941 - WARNING - Data fetch failed for 2019-04-23: object of type 'coroutine' has no len()
2026-03-09 11:10:32,941 - WARNING - Data fetch failed for 2019-04-24: object of type 'coroutine' has no len()
2026-03-09 11:10:32,941 - WARNING - Data fetch failed for 2019-04-25: object of type 'coroutine' has no len()
2026-03-09 11:10:32,941 - WARNING - Data fetch failed for 2019-04-26: object of type 'coroutine' has no len()
2026-03-09 11:10:32,941 - WARNING - Data fetch failed for 2019-04-29: object of type 'coroutine' has no len()
2026-03-09 11:10:32,941 - WARNING - Data fetch failed for 2019-04-30: object of type 'coroutine' has no len()
2026-03-09 11:10:32,941 - WARNING - Data fetch failed for 2019-05-01: object of type 'coroutine' has no len()
2026-03-09 11:10:32,941 - WARNING - Data fetch failed for 2019-05-02: object of type 'coroutine' has no len()
2026-03-09 11:10:32,941 - WARNING - Data fetch failed for 2019-05-03: object of type 'coroutine' has no len()
2026-03-09 11:10:32,941 - WARNING - Data fetch failed for 2019-05-06: object of type 'coroutine' has no len()
2026-03-09 11:10:32,941 - WARNING - Data fetch failed for 2019-05-07: object of type 'coroutine' has no len()
2026-03-09 11:10:32,941 - WARNING - Data fetch failed for 2019-05-08: object of type 'coroutine' has no len()
2026-03-09 11:10:32,941 - WARNING - Data fetch failed for 2019-05-09: object of type 'coroutine' has no len()
2026-03-09 11:10:32,941 - WARNING - Data fetch failed for 2019-05-10: object of type 'coroutine' has no len()
2026-03-09 11:10:32,941 - WARNING - Data fetch failed for 2019-05-13: object of type 'coroutine' has no len()
2026-03-09 11:10:32,941 - WARNING - Data fetch failed for 2019-05-14: object of type 'coroutine' has no len()
2026-03-09 11:10:32,941 - WARNING - Data fetch failed for 2019-05-15: object of type 'coroutine' has no len()
2026-03-09 11:10:32,941 - WARNING - Data fetch failed for 2019-05-16: object of type 'coroutine' has no len()
2026-03-09 11:10:32,941 - WARNING - Data fetch failed for 2019-05-17: object of type 'coroutine' has no len()
2026-03-09 11:10:32,941 - WARNING - Data fetch failed for 2019-05-20: object of type 'coroutine' has no len()
2026-03-09 11:10:32,941 - WARNING - Data fetch failed for 2019-05-21: object of type 'coroutine' has no len()
2026-03-09 11:10:32,941 - WARNING - Data fetch failed for 2019-05-22: object of type 'coroutine' has no len()
2026-03-09 11:10:32,941 - WARNING - Data fetch failed for 2019-05-23: object of type 'coroutine' has no len()
2026-03-09 11:10:32,941 - WARNING - Data fetch failed for 2019-05-24: object of type 'coroutine' has no len()
2026-03-09 11:10:32,941 - WARNING - Data fetch failed for 2019-05-28: object of type 'coroutine' has no len()
2026-03-09 11:10:32,941 - WARNING - Data fetch failed for 2019-05-29: object of type 'coroutine' has no len()
2026-03-09 11:10:32,941 - WARNING - Data fetch failed for 2019-05-30: object of type 'coroutine' has no len()
2026-03-09 11:10:32,941 - WARNING - Data fetch failed for 2019-05-31: object of type 'coroutine' has no len()
2026-03-09 11:10:32,941 - WARNING - Data fetch failed for 2019-06-03: object of type 'coroutine' has no len()
2026-03-09 11:10:32,941 - WARNING - Data fetch failed for 2019-06-04: object of type 'coroutine' has no len()
2026-03-09 11:10:32,941 - WARNING - Data fetch failed for 2019-06-05: object of type 'coroutine' has no len()
2026-03-09 11:10:32,941 - WARNING - Data fetch failed for 2019-06-06: object of type 'coroutine' has no len()
2026-03-09 11:10:32,941 - WARNING - Data fetch failed for 2019-06-07: object of type 'coroutine' has no len()
2026-03-09 11:10:32,941 - WARNING - Data fetch failed for 2019-06-10: object of type 'coroutine' has no len()
2026-03-09 11:10:32,941 - WARNING - Data fetch failed for 2019-06-11: object of type 'coroutine' has no len()
2026-03-09 11:10:32,941 - WARNING - Data fetch failed for 2019-06-12: object of type 'coroutine' has no len()
2026-03-09 11:10:32,941 - WARNING - Data fetch failed for 2019-06-13: object of type 'coroutine' has no len()
2026-03-09 11:10:32,941 - WARNING - Data fetch failed for 2019-06-14: object of type 'coroutine' has no len()
2026-03-09 11:10:32,941 - WARNING - Data fetch failed for 2019-06-17: object of type 'coroutine' has no len()
2026-03-09 11:10:32,941 - WARNING - Data fetch failed for 2019-06-18: object of type 'coroutine' has no len()
2026-03-09 11:10:32,941 - WARNING - Data fetch failed for 2019-06-19: object of type 'coroutine' has no len()
2026-03-09 11:10:32,941 - WARNING - Data fetch failed for 2019-06-20: object of type 'coroutine' has no len()
2026-03-09 11:10:32,941 - WARNING - Data fetch failed for 2019-06-21: object of type 'coroutine' has no len()
2026-03-09 11:10:32,941 - WARNING - Data fetch failed for 2019-06-24: object of type 'coroutine' has no len()
2026-03-09 11:10:32,941 - WARNING - Data fetch failed for 2019-06-25: object of type 'coroutine' has no len()
2026-03-09 11:10:32,941 - WARNING - Data fetch failed for 2019-06-26: object of type 'coroutine' has no len()
2026-03-09 11:10:32,941 - WARNING - Data fetch failed for 2019-06-27: object of type 'coroutine' has no len()
2026-03-09 11:10:32,941 - WARNING - Data fetch failed for 2019-06-28: object of type 'coroutine' has no len()
2026-03-09 11:10:32,941 - WARNING - Data fetch failed for 2019-07-01: object of type 'coroutine' has no len()
2026-03-09 11:10:32,941 - WARNING - Data fetch failed for 2019-07-02: object of type 'coroutine' has no len()
2026-03-09 11:10:32,941 - WARNING - Data fetch failed for 2019-07-03: object of type 'coroutine' has no len()
2026-03-09 11:10:32,941 - WARNING - Data fetch failed for 2019-07-05: object of type 'coroutine' has no len()
2026-03-09 11:10:32,942 - WARNING - Data fetch failed for 2019-07-08: object of type 'coroutine' has no len()
2026-03-09 11:10:32,942 - WARNING - Data fetch failed for 2019-07-09: object of type 'coroutine' has no len()
2026-03-09 11:10:32,942 - WARNING - Data fetch failed for 2019-07-10: object of type 'coroutine' has no len()
2026-03-09 11:10:32,942 - WARNING - Data fetch failed for 2019-07-11: object of type 'coroutine' has no len()
2026-03-09 11:10:32,942 - WARNING - Data fetch failed for 2019-07-12: object of type 'coroutine' has no len()
2026-03-09 11:10:32,942 - WARNING - Data fetch failed for 2019-07-15: object of type 'coroutine' has no len()
2026-03-09 11:10:32,942 - WARNING - Data fetch failed for 2019-07-16: object of type 'coroutine' has no len()
2026-03-09 11:10:32,942 - WARNING - Data fetch failed for 2019-07-17: object of type 'coroutine' has no len()
2026-03-09 11:10:32,942 - WARNING - Data fetch failed for 2019-07-18: object of type 'coroutine' has no len()
2026-03-09 11:10:32,942 - WARNING - Data fetch failed for 2019-07-19: object of type 'coroutine' has no len()
2026-03-09 11:10:32,942 - WARNING - Data fetch failed for 2019-07-22: object of type 'coroutine' has no len()
2026-03-09 11:10:32,942 - WARNING - Data fetch failed for 2019-07-23: object of type 'coroutine' has no len()
2026-03-09 11:10:32,942 - WARNING - Data fetch failed for 2019-07-24: object of type 'coroutine' has no len()
2026-03-09 11:10:32,942 - WARNING - Data fetch failed for 2019-07-25: object of type 'coroutine' has no len()
2026-03-09 11:10:32,942 - WARNING - Data fetch failed for 2019-07-26: object of type 'coroutine' has no len()
2026-03-09 11:10:32,942 - WARNING - Data fetch failed for 2019-07-29: object of type 'coroutine' has no len()
2026-03-09 11:10:32,942 - WARNING - Data fetch failed for 2019-07-30: object of type 'coroutine' has no len()
2026-03-09 11:10:32,942 - WARNING - Data fetch failed for 2019-07-31: object of type 'coroutine' has no len()
2026-03-09 11:10:32,942 - WARNING - Data fetch failed for 2019-08-01: object of type 'coroutine' has no len()
2026-03-09 11:10:32,942 - WARNING - Data fetch failed for 2019-08-02: object of type 'coroutine' has no len()
2026-03-09 11:10:32,942 - WARNING - Data fetch failed for 2019-08-05: object of type 'coroutine' has no len()
2026-03-09 11:10:32,942 - WARNING - Data fetch failed for 2019-08-06: object of type 'coroutine' has no len()
2026-03-09 11:10:32,942 - WARNING - Data fetch failed for 2019-08-07: object of type 'coroutine' has no len()
2026-03-09 11:10:32,942 - WARNING - Data fetch failed for 2019-08-08: object of type 'coroutine' has no len()
2026-03-09 11:10:32,942 - WARNING - Data fetch failed for 2019-08-09: object of type 'coroutine' has no len()
2026-03-09 11:10:32,942 - WARNING - Data fetch failed for 2019-08-12: object of type 'coroutine' has no len()
2026-03-09 11:10:32,942 - WARNING - Data fetch failed for 2019-08-13: object of type 'coroutine' has no len()
2026-03-09 11:10:32,942 - WARNING - Data fetch failed for 2019-08-14: object of type 'coroutine' has no len()
2026-03-09 11:10:32,942 - WARNING - Data fetch failed for 2019-08-15: object of type 'coroutine' has no len()
2026-03-09 11:10:32,942 - WARNING - Data fetch failed for 2019-08-16: object of type 'coroutine' has no len()
2026-03-09 11:10:32,942 - WARNING - Data fetch failed for 2019-08-19: object of type 'coroutine' has no len()
2026-03-09 11:10:32,942 - WARNING - Data fetch failed for 2019-08-20: object of type 'coroutine' has no len()
2026-03-09 11:10:32,942 - WARNING - Data fetch failed for 2019-08-21: object of type 'coroutine' has no len()
2026-03-09 11:10:32,942 - WARNING - Data fetch failed for 2019-08-22: object of type 'coroutine' has no len()
2026-03-09 11:10:32,942 - WARNING - Data fetch failed for 2019-08-23: object of type 'coroutine' has no len()
2026-03-09 11:10:32,942 - WARNING - Data fetch failed for 2019-08-26: object of type 'coroutine' has no len()
2026-03-09 11:10:32,942 - WARNING - Data fetch failed for 2019-08-27: object of type 'coroutine' has no len()
2026-03-09 11:10:32,942 - WARNING - Data fetch failed for 2019-08-28: object of type 'coroutine' has no len()
2026-03-09 11:10:32,942 - WARNING - Data fetch failed for 2019-08-29: object of type 'coroutine' has no len()
2026-03-09 11:10:32,942 - WARNING - Data fetch failed for 2019-08-30: object of type 'coroutine' has no len()
2026-03-09 11:10:32,942 - WARNING - Data fetch failed for 2019-09-03: object of type 'coroutine' has no len()
2026-03-09 11:10:32,942 - WARNING - Data fetch failed for 2019-09-04: object of type 'coroutine' has no len()
2026-03-09 11:10:32,942 - WARNING - Data fetch failed for 2019-09-05: object of type 'coroutine' has no len()
2026-03-09 11:10:32,942 - WARNING - Data fetch failed for 2019-09-06: object of type 'coroutine' has no len()
2026-03-09 11:10:32,942 - WARNING - Data fetch failed for 2019-09-09: object of type 'coroutine' has no len()
2026-03-09 11:10:32,942 - WARNING - Data fetch failed for 2019-09-10: object of type 'coroutine' has no len()
2026-03-09 11:10:32,942 - WARNING - Data fetch failed for 2019-09-11: object of type 'coroutine' has no len()
2026-03-09 11:10:32,942 - WARNING - Data fetch failed for 2019-09-12: object of type 'coroutine' has no len()
2026-03-09 11:10:32,942 - WARNING - Data fetch failed for 2019-09-13: object of type 'coroutine' has no len()
2026-03-09 11:10:32,942 - WARNING - Data fetch failed for 2019-09-16: object of type 'coroutine' has no len()
2026-03-09 11:10:32,942 - WARNING - Data fetch failed for 2019-09-17: object of type 'coroutine' has no len()
2026-03-09 11:10:32,942 - WARNING - Data fetch failed for 2019-09-18: object of type 'coroutine' has no len()
2026-03-09 11:10:32,942 - WARNING - Data fetch failed for 2019-09-19: object of type 'coroutine' has no len()
2026-03-09 11:10:32,942 - WARNING - Data fetch failed for 2019-09-20: object of type 'coroutine' has no len()
2026-03-09 11:10:32,942 - WARNING - Data fetch failed for 2019-09-23: object of type 'coroutine' has no len()
2026-03-09 11:10:32,942 - WARNING - Data fetch failed for 2019-09-24: object of type 'coroutine' has no len()
2026-03-09 11:10:32,942 - WARNING - Data fetch failed for 2019-09-25: object of type 'coroutine' has no len()
2026-03-09 11:10:32,942 - WARNING - Data fetch failed for 2019-09-26: object of type 'coroutine' has no len()
2026-03-09 11:10:32,942 - WARNING - Data fetch failed for 2019-09-27: object of type 'coroutine' has no len()
2026-03-09 11:10:32,942 - WARNING - Data fetch failed for 2019-09-30: object of type 'coroutine' has no len()
2026-03-09 11:10:32,942 - WARNING - Data fetch failed for 2019-10-01: object of type 'coroutine' has no len()
2026-03-09 11:10:32,942 - WARNING - Data fetch failed for 2019-10-02: object of type 'coroutine' has no len()
2026-03-09 11:10:32,942 - WARNING - Data fetch failed for 2019-10-03: object of type 'coroutine' has no len()
2026-03-09 11:10:32,942 - WARNING - Data fetch failed for 2019-10-04: object of type 'coroutine' has no len()
2026-03-09 11:10:32,942 - WARNING - Data fetch failed for 2019-10-07: object of type 'coroutine' has no len()
2026-03-09 11:10:32,942 - WARNING - Data fetch failed for 2019-10-08: object of type 'coroutine' has no len()
2026-03-09 11:10:32,943 - WARNING - Data fetch failed for 2019-10-09: object of type 'coroutine' has no len()
2026-03-09 11:10:32,943 - WARNING - Data fetch failed for 2019-10-10: object of type 'coroutine' has no len()
2026-03-09 11:10:32,943 - WARNING - Data fetch failed for 2019-10-11: object of type 'coroutine' has no len()
2026-03-09 11:10:32,943 - WARNING - Data fetch failed for 2019-10-14: object of type 'coroutine' has no len()
2026-03-09 11:10:32,943 - WARNING - Data fetch failed for 2019-10-15: object of type 'coroutine' has no len()
2026-03-09 11:10:32,943 - WARNING - Data fetch failed for 2019-10-16: object of type 'coroutine' has no len()
2026-03-09 11:10:32,943 - WARNING - Data fetch failed for 2019-10-17: object of type 'coroutine' has no len()
2026-03-09 11:10:32,943 - WARNING - Data fetch failed for 2019-10-18: object of type 'coroutine' has no len()
2026-03-09 11:10:32,943 - WARNING - Data fetch failed for 2019-10-21: object of type 'coroutine' has no len()
2026-03-09 11:10:32,943 - WARNING - Data fetch failed for 2019-10-22: object of type 'coroutine' has no len()
2026-03-09 11:10:32,943 - WARNING - Data fetch failed for 2019-10-23: object of type 'coroutine' has no len()
2026-03-09 11:10:32,943 - WARNING - Data fetch failed for 2019-10-24: object of type 'coroutine' has no len()
2026-03-09 11:10:32,943 - WARNING - Data fetch failed for 2019-10-25: object of type 'coroutine' has no len()
2026-03-09 11:10:32,943 - WARNING - Data fetch failed for 2019-10-28: object of type 'coroutine' has no len()
2026-03-09 11:10:32,943 - WARNING - Data fetch failed for 2019-10-29: object of type 'coroutine' has no len()
2026-03-09 11:10:32,943 - WARNING - Data fetch failed for 2019-10-30: object of type 'coroutine' has no len()
2026-03-09 11:10:32,943 - WARNING - Data fetch failed for 2019-10-31: object of type 'coroutine' has no len()
2026-03-09 11:10:32,943 - WARNING - Data fetch failed for 2019-11-01: object of type 'coroutine' has no len()
2026-03-09 11:10:32,943 - WARNING - Data fetch failed for 2019-11-04: object of type 'coroutine' has no len()
2026-03-09 11:10:32,943 - WARNING - Data fetch failed for 2019-11-05: object of type 'coroutine' has no len()
2026-03-09 11:10:32,943 - WARNING - Data fetch failed for 2019-11-06: object of type 'coroutine' has no len()
2026-03-09 11:10:32,943 - WARNING - Data fetch failed for 2019-11-07: object of type 'coroutine' has no len()
2026-03-09 11:10:32,943 - WARNING - Data fetch failed for 2019-11-08: object of type 'coroutine' has no len()
2026-03-09 11:10:32,943 - WARNING - Data fetch failed for 2019-11-11: object of type 'coroutine' has no len()
2026-03-09 11:10:32,943 - WARNING - Data fetch failed for 2019-11-12: object of type 'coroutine' has no len()
2026-03-09 11:10:32,943 - WARNING - Data fetch failed for 2019-11-13: object of type 'coroutine' has no len()
2026-03-09 11:10:32,943 - WARNING - Data fetch failed for 2019-11-14: object of type 'coroutine' has no len()
2026-03-09 11:10:32,943 - WARNING - Data fetch failed for 2019-11-15: object of type 'coroutine' has no len()
2026-03-09 11:10:32,943 - WARNING - Data fetch failed for 2019-11-18: object of type 'coroutine' has no len()
2026-03-09 11:10:32,943 - WARNING - Data fetch failed for 2019-11-19: object of type 'coroutine' has no len()
2026-03-09 11:10:32,943 - WARNING - Data fetch failed for 2019-11-20: object of type 'coroutine' has no len()
2026-03-09 11:10:32,943 - WARNING - Data fetch failed for 2019-11-21: object of type 'coroutine' has no len()
2026-03-09 11:10:32,943 - WARNING - Data fetch failed for 2019-11-22: object of type 'coroutine' has no len()
2026-03-09 11:10:32,943 - WARNING - Data fetch failed for 2019-11-25: object of type 'coroutine' has no len()
2026-03-09 11:10:32,943 - WARNING - Data fetch failed for 2019-11-26: object of type 'coroutine' has no len()
2026-03-09 11:10:32,943 - WARNING - Data fetch failed for 2019-11-27: object of type 'coroutine' has no len()
2026-03-09 11:10:32,943 - WARNING - Data fetch failed for 2019-11-29: object of type 'coroutine' has no len()
2026-03-09 11:10:32,943 - WARNING - Data fetch failed for 2019-12-02: object of type 'coroutine' has no len()
2026-03-09 11:10:32,943 - WARNING - Data fetch failed for 2019-12-03: object of type 'coroutine' has no len()
2026-03-09 11:10:32,943 - WARNING - Data fetch failed for 2019-12-04: object of type 'coroutine' has no len()
2026-03-09 11:10:32,943 - WARNING - Data fetch failed for 2019-12-05: object of type 'coroutine' has no len()
2026-03-09 11:10:32,943 - WARNING - Data fetch failed for 2019-12-06: object of type 'coroutine' has no len()
2026-03-09 11:10:32,943 - WARNING - Data fetch failed for 2019-12-09: object of type 'coroutine' has no len()
2026-03-09 11:10:32,943 - WARNING - Data fetch failed for 2019-12-10: object of type 'coroutine' has no len()
2026-03-09 11:10:32,943 - WARNING - Data fetch failed for 2019-12-11: object of type 'coroutine' has no len()
2026-03-09 11:10:32,944 - WARNING - Data fetch failed for 2019-12-12: object of type 'coroutine' has no len()
2026-03-09 11:10:32,944 - WARNING - Data fetch failed for 2019-12-13: object of type 'coroutine' has no len()
2026-03-09 11:10:32,944 - WARNING - Data fetch failed for 2019-12-16: object of type 'coroutine' has no len()
2026-03-09 11:10:32,944 - WARNING - Data fetch failed for 2019-12-17: object of type 'coroutine' has no len()
2026-03-09 11:10:32,944 - WARNING - Data fetch failed for 2019-12-18: object of type 'coroutine' has no len()
2026-03-09 11:10:32,944 - WARNING - Data fetch failed for 2019-12-19: object of type 'coroutine' has no len()
2026-03-09 11:10:32,944 - WARNING - Data fetch failed for 2019-12-20: object of type 'coroutine' has no len()
2026-03-09 11:10:32,944 - WARNING - Data fetch failed for 2019-12-23: object of type 'coroutine' has no len()
2026-03-09 11:10:32,944 - WARNING - Data fetch failed for 2019-12-24: object of type 'coroutine' has no len()
2026-03-09 11:10:32,944 - WARNING - Data fetch failed for 2019-12-26: object of type 'coroutine' has no len()
2026-03-09 11:10:32,944 - WARNING - Data fetch failed for 2019-12-27: object of type 'coroutine' has no len()
2026-03-09 11:10:32,944 - WARNING - Data fetch failed for 2019-12-30: object of type 'coroutine' has no len()
2026-03-09 11:10:32,944 - WARNING - Data fetch failed for 2019-12-31: object of type 'coroutine' has no len()
2026-03-09 11:10:32,944 - WARNING - Data fetch failed for 2020-01-02: object of type 'coroutine' has no len()
2026-03-09 11:10:32,944 - WARNING - Data fetch failed for 2020-01-03: object of type 'coroutine' has no len()
2026-03-09 11:10:32,944 - WARNING - Data fetch failed for 2020-01-06: object of type 'coroutine' has no len()
2026-03-09 11:10:32,944 - WARNING - Data fetch failed for 2020-01-07: object of type 'coroutine' has no len()
2026-03-09 11:10:32,944 - WARNING - Data fetch failed for 2020-01-08: object of type 'coroutine' has no len()
2026-03-09 11:10:32,944 - WARNING - Data fetch failed for 2020-01-09: object of type 'coroutine' has no len()
2026-03-09 11:10:32,944 - WARNING - Data fetch failed for 2020-01-10: object of type 'coroutine' has no len()
2026-03-09 11:10:32,944 - WARNING - Data fetch failed for 2020-01-13: object of type 'coroutine' has no len()
2026-03-09 11:10:32,944 - WARNING - Data fetch failed for 2020-01-14: object of type 'coroutine' has no len()
2026-03-09 11:10:32,944 - WARNING - Data fetch failed for 2020-01-15: object of type 'coroutine' has no len()
2026-03-09 11:10:32,944 - WARNING - Data fetch failed for 2020-01-16: object of type 'coroutine' has no len()
2026-03-09 11:10:32,944 - WARNING - Data fetch failed for 2020-01-17: object of type 'coroutine' has no len()
2026-03-09 11:10:32,944 - WARNING - Data fetch failed for 2020-01-21: object of type 'coroutine' has no len()
2026-03-09 11:10:32,944 - WARNING - Data fetch failed for 2020-01-22: object of type 'coroutine' has no len()
2026-03-09 11:10:32,944 - WARNING - Data fetch failed for 2020-01-23: object of type 'coroutine' has no len()
2026-03-09 11:10:32,944 - WARNING - Data fetch failed for 2020-01-24: object of type 'coroutine' has no len()
2026-03-09 11:10:32,944 - WARNING - Data fetch failed for 2020-01-27: object of type 'coroutine' has no len()
2026-03-09 11:10:32,944 - WARNING - Data fetch failed for 2020-01-28: object of type 'coroutine' has no len()
2026-03-09 11:10:32,944 - WARNING - Data fetch failed for 2020-01-29: object of type 'coroutine' has no len()
2026-03-09 11:10:32,944 - WARNING - Data fetch failed for 2020-01-30: object of type 'coroutine' has no len()
2026-03-09 11:10:32,944 - WARNING - Data fetch failed for 2020-01-31: object of type 'coroutine' has no len()
2026-03-09 11:10:32,944 - WARNING - Data fetch failed for 2020-02-03: object of type 'coroutine' has no len()
2026-03-09 11:10:32,944 - WARNING - Data fetch failed for 2020-02-04: object of type 'coroutine' has no len()
2026-03-09 11:10:32,944 - WARNING - Data fetch failed for 2020-02-05: object of type 'coroutine' has no len()
2026-03-09 11:10:32,944 - WARNING - Data fetch failed for 2020-02-06: object of type 'coroutine' has no len()
2026-03-09 11:10:32,944 - WARNING - Data fetch failed for 2020-02-07: object of type 'coroutine' has no len()
2026-03-09 11:10:32,944 - WARNING - Data fetch failed for 2020-02-10: object of type 'coroutine' has no len()
2026-03-09 11:10:32,944 - WARNING - Data fetch failed for 2020-02-11: object of type 'coroutine' has no len()
2026-03-09 11:10:32,944 - WARNING - Data fetch failed for 2020-02-12: object of type 'coroutine' has no len()
2026-03-09 11:10:32,944 - WARNING - Data fetch failed for 2020-02-13: object of type 'coroutine' has no len()
2026-03-09 11:10:32,944 - WARNING - Data fetch failed for 2020-02-14: object of type 'coroutine' has no len()
2026-03-09 11:10:32,944 - WARNING - Data fetch failed for 2020-02-18: object of type 'coroutine' has no len()
2026-03-09 11:10:32,944 - WARNING - Data fetch failed for 2020-02-19: object of type 'coroutine' has no len()
2026-03-09 11:10:32,944 - WARNING - Data fetch failed for 2020-02-20: object of type 'coroutine' has no len()
2026-03-09 11:10:32,944 - WARNING - Data fetch failed for 2020-02-21: object of type 'coroutine' has no len()
2026-03-09 11:10:32,944 - WARNING - Data fetch failed for 2020-02-24: object of type 'coroutine' has no len()
2026-03-09 11:10:32,944 - WARNING - Data fetch failed for 2020-02-25: object of type 'coroutine' has no len()
2026-03-09 11:10:32,944 - WARNING - Data fetch failed for 2020-02-26: object of type 'coroutine' has no len()
2026-03-09 11:10:32,944 - WARNING - Data fetch failed for 2020-02-27: object of type 'coroutine' has no len()
2026-03-09 11:10:32,944 - WARNING - Data fetch failed for 2020-02-28: object of type 'coroutine' has no len()
2026-03-09 11:10:32,944 - WARNING - Data fetch failed for 2020-03-02: object of type 'coroutine' has no len()
2026-03-09 11:10:32,944 - WARNING - Data fetch failed for 2020-03-03: object of type 'coroutine' has no len()
2026-03-09 11:10:32,944 - WARNING - Data fetch failed for 2020-03-04: object of type 'coroutine' has no len()
2026-03-09 11:10:32,944 - WARNING - Data fetch failed for 2020-03-05: object of type 'coroutine' has no len()
2026-03-09 11:10:32,944 - WARNING - Data fetch failed for 2020-03-06: object of type 'coroutine' has no len()
2026-03-09 11:10:32,944 - WARNING - Data fetch failed for 2020-03-09: object of type 'coroutine' has no len()
2026-03-09 11:10:32,944 - WARNING - Data fetch failed for 2020-03-10: object of type 'coroutine' has no len()
2026-03-09 11:10:32,944 - WARNING - Data fetch failed for 2020-03-11: object of type 'coroutine' has no len()
2026-03-09 11:10:32,944 - WARNING - Data fetch failed for 2020-03-12: object of type 'coroutine' has no len()
2026-03-09 11:10:32,944 - WARNING - Data fetch failed for 2020-03-13: object of type 'coroutine' has no len()
2026-03-09 11:10:32,944 - WARNING - Data fetch failed for 2020-03-16: object of type 'coroutine' has no len()
2026-03-09 11:10:32,944 - WARNING - Data fetch failed for 2020-03-17: object of type 'coroutine' has no len()
2026-03-09 11:10:32,944 - WARNING - Data fetch failed for 2020-03-18: object of type 'coroutine' has no len()
2026-03-09 11:10:32,945 - WARNING - Data fetch failed for 2020-03-19: object of type 'coroutine' has no len()
2026-03-09 11:10:32,945 - WARNING - Data fetch failed for 2020-03-20: object of type 'coroutine' has no len()
2026-03-09 11:10:32,945 - WARNING - Data fetch failed for 2020-03-23: object of type 'coroutine' has no len()
2026-03-09 11:10:32,945 - WARNING - Data fetch failed for 2020-03-24: object of type 'coroutine' has no len()
2026-03-09 11:10:32,945 - WARNING - Data fetch failed for 2020-03-25: object of type 'coroutine' has no len()
2026-03-09 11:10:32,945 - WARNING - Data fetch failed for 2020-03-26: object of type 'coroutine' has no len()
2026-03-09 11:10:32,945 - WARNING - Data fetch failed for 2020-03-27: object of type 'coroutine' has no len()
2026-03-09 11:10:32,945 - WARNING - Data fetch failed for 2020-03-30: object of type 'coroutine' has no len()
2026-03-09 11:10:32,945 - WARNING - Data fetch failed for 2020-03-31: object of type 'coroutine' has no len()
2026-03-09 11:10:32,945 - WARNING - Data fetch failed for 2020-04-01: object of type 'coroutine' has no len()
2026-03-09 11:10:32,945 - WARNING - Data fetch failed for 2020-04-02: object of type 'coroutine' has no len()
2026-03-09 11:10:32,945 - WARNING - Data fetch failed for 2020-04-03: object of type 'coroutine' has no len()
2026-03-09 11:10:32,945 - WARNING - Data fetch failed for 2020-04-06: object of type 'coroutine' has no len()
2026-03-09 11:10:32,945 - WARNING - Data fetch failed for 2020-04-07: object of type 'coroutine' has no len()
2026-03-09 11:10:32,945 - WARNING - Data fetch failed for 2020-04-08: object of type 'coroutine' has no len()
2026-03-09 11:10:32,945 - WARNING - Data fetch failed for 2020-04-09: object of type 'coroutine' has no len()
2026-03-09 11:10:32,945 - WARNING - Data fetch failed for 2020-04-13: object of type 'coroutine' has no len()
2026-03-09 11:10:32,945 - WARNING - Data fetch failed for 2020-04-14: object of type 'coroutine' has no len()
2026-03-09 11:10:32,945 - WARNING - Data fetch failed for 2020-04-15: object of type 'coroutine' has no len()
2026-03-09 11:10:32,945 - WARNING - Data fetch failed for 2020-04-16: object of type 'coroutine' has no len()
2026-03-09 11:10:32,945 - WARNING - Data fetch failed for 2020-04-17: object of type 'coroutine' has no len()
2026-03-09 11:10:32,945 - WARNING - Data fetch failed for 2020-04-20: object of type 'coroutine' has no len()
2026-03-09 11:10:32,945 - WARNING - Data fetch failed for 2020-04-21: object of type 'coroutine' has no len()
2026-03-09 11:10:32,945 - WARNING - Data fetch failed for 2020-04-22: object of type 'coroutine' has no len()
2026-03-09 11:10:32,945 - WARNING - Data fetch failed for 2020-04-23: object of type 'coroutine' has no len()
2026-03-09 11:10:32,945 - WARNING - Data fetch failed for 2020-04-24: object of type 'coroutine' has no len()
2026-03-09 11:10:32,945 - WARNING - Data fetch failed for 2020-04-27: object of type 'coroutine' has no len()
2026-03-09 11:10:32,945 - WARNING - Data fetch failed for 2020-04-28: object of type 'coroutine' has no len()
2026-03-09 11:10:32,945 - WARNING - Data fetch failed for 2020-04-29: object of type 'coroutine' has no len()
2026-03-09 11:10:32,945 - WARNING - Data fetch failed for 2020-04-30: object of type 'coroutine' has no len()
2026-03-09 11:10:32,945 - WARNING - Data fetch failed for 2020-05-01: object of type 'coroutine' has no len()
2026-03-09 11:10:32,945 - WARNING - Data fetch failed for 2020-05-04: object of type 'coroutine' has no len()
2026-03-09 11:10:32,945 - WARNING - Data fetch failed for 2020-05-05: object of type 'coroutine' has no len()
2026-03-09 11:10:32,945 - WARNING - Data fetch failed for 2020-05-06: object of type 'coroutine' has no len()
2026-03-09 11:10:32,945 - WARNING - Data fetch failed for 2020-05-07: object of type 'coroutine' has no len()
2026-03-09 11:10:32,945 - WARNING - Data fetch failed for 2020-05-08: object of type 'coroutine' has no len()
2026-03-09 11:10:32,945 - WARNING - Data fetch failed for 2020-05-11: object of type 'coroutine' has no len()
2026-03-09 11:10:32,945 - WARNING - Data fetch failed for 2020-05-12: object of type 'coroutine' has no len()
2026-03-09 11:10:32,945 - WARNING - Data fetch failed for 2020-05-13: object of type 'coroutine' has no len()
2026-03-09 11:10:32,945 - WARNING - Data fetch failed for 2020-05-14: object of type 'coroutine' has no len()
2026-03-09 11:10:32,945 - WARNING - Data fetch failed for 2020-05-15: object of type 'coroutine' has no len()
2026-03-09 11:10:32,945 - WARNING - Data fetch failed for 2020-05-18: object of type 'coroutine' has no len()
2026-03-09 11:10:32,945 - WARNING - Data fetch failed for 2020-05-19: object of type 'coroutine' has no len()
2026-03-09 11:10:32,945 - WARNING - Data fetch failed for 2020-05-20: object of type 'coroutine' has no len()
2026-03-09 11:10:32,945 - WARNING - Data fetch failed for 2020-05-21: object of type 'coroutine' has no len()
2026-03-09 11:10:32,945 - WARNING - Data fetch failed for 2020-05-22: object of type 'coroutine' has no len()
2026-03-09 11:10:32,945 - WARNING - Data fetch failed for 2020-05-26: object of type 'coroutine' has no len()
2026-03-09 11:10:32,945 - WARNING - Data fetch failed for 2020-05-27: object of type 'coroutine' has no len()
2026-03-09 11:10:32,945 - WARNING - Data fetch failed for 2020-05-28: object of type 'coroutine' has no len()
2026-03-09 11:10:32,945 - WARNING - Data fetch failed for 2020-05-29: object of type 'coroutine' has no len()
2026-03-09 11:10:32,945 - WARNING - Data fetch failed for 2020-06-01: object of type 'coroutine' has no len()
2026-03-09 11:10:32,945 - WARNING - Data fetch failed for 2020-06-02: object of type 'coroutine' has no len()
2026-03-09 11:10:32,945 - WARNING - Data fetch failed for 2020-06-03: object of type 'coroutine' has no len()
2026-03-09 11:10:32,945 - WARNING - Data fetch failed for 2020-06-04: object of type 'coroutine' has no len()
2026-03-09 11:10:32,945 - WARNING - Data fetch failed for 2020-06-05: object of type 'coroutine' has no len()
2026-03-09 11:10:32,945 - WARNING - Data fetch failed for 2020-06-08: object of type 'coroutine' has no len()
2026-03-09 11:10:32,945 - WARNING - Data fetch failed for 2020-06-09: object of type 'coroutine' has no len()
2026-03-09 11:10:32,946 - WARNING - Data fetch failed for 2020-06-10: object of type 'coroutine' has no len()
2026-03-09 11:10:32,946 - WARNING - Data fetch failed for 2020-06-11: object of type 'coroutine' has no len()
2026-03-09 11:10:32,946 - WARNING - Data fetch failed for 2020-06-12: object of type 'coroutine' has no len()
2026-03-09 11:10:32,946 - WARNING - Data fetch failed for 2020-06-15: object of type 'coroutine' has no len()
2026-03-09 11:10:32,946 - WARNING - Data fetch failed for 2020-06-16: object of type 'coroutine' has no len()
2026-03-09 11:10:32,946 - WARNING - Data fetch failed for 2020-06-17: object of type 'coroutine' has no len()
2026-03-09 11:10:32,946 - WARNING - Data fetch failed for 2020-06-18: object of type 'coroutine' has no len()
2026-03-09 11:10:32,946 - WARNING - Data fetch failed for 2020-06-19: object of type 'coroutine' has no len()
2026-03-09 11:10:32,946 - WARNING - Data fetch failed for 2020-06-22: object of type 'coroutine' has no len()
2026-03-09 11:10:32,946 - WARNING - Data fetch failed for 2020-06-23: object of type 'coroutine' has no len()
2026-03-09 11:10:32,946 - WARNING - Data fetch failed for 2020-06-24: object of type 'coroutine' has no len()
2026-03-09 11:10:32,946 - WARNING - Data fetch failed for 2020-06-25: object of type 'coroutine' has no len()
2026-03-09 11:10:32,946 - WARNING - Data fetch failed for 2020-06-26: object of type 'coroutine' has no len()
2026-03-09 11:10:32,946 - WARNING - Data fetch failed for 2020-06-29: object of type 'coroutine' has no len()
2026-03-09 11:10:32,946 - WARNING - Data fetch failed for 2020-06-30: object of type 'coroutine' has no len()
2026-03-09 11:10:32,946 - WARNING - Data fetch failed for 2020-07-01: object of type 'coroutine' has no len()
2026-03-09 11:10:32,946 - WARNING - Data fetch failed for 2020-07-02: object of type 'coroutine' has no len()
2026-03-09 11:10:32,946 - WARNING - Data fetch failed for 2020-07-06: object of type 'coroutine' has no len()
2026-03-09 11:10:32,946 - WARNING - Data fetch failed for 2020-07-07: object of type 'coroutine' has no len()
2026-03-09 11:10:32,946 - WARNING - Data fetch failed for 2020-07-08: object of type 'coroutine' has no len()
2026-03-09 11:10:32,946 - WARNING - Data fetch failed for 2020-07-09: object of type 'coroutine' has no len()
2026-03-09 11:10:32,946 - WARNING - Data fetch failed for 2020-07-10: object of type 'coroutine' has no len()
2026-03-09 11:10:32,946 - WARNING - Data fetch failed for 2020-07-13: object of type 'coroutine' has no len()
2026-03-09 11:10:32,946 - WARNING - Data fetch failed for 2020-07-14: object of type 'coroutine' has no len()
2026-03-09 11:10:32,946 - WARNING - Data fetch failed for 2020-07-15: object of type 'coroutine' has no len()
2026-03-09 11:10:32,946 - WARNING - Data fetch failed for 2020-07-16: object of type 'coroutine' has no len()
2026-03-09 11:10:32,946 - WARNING - Data fetch failed for 2020-07-17: object of type 'coroutine' has no len()
2026-03-09 11:10:32,946 - WARNING - Data fetch failed for 2020-07-20: object of type 'coroutine' has no len()
2026-03-09 11:10:32,946 - WARNING - Data fetch failed for 2020-07-21: object of type 'coroutine' has no len()
2026-03-09 11:10:32,946 - WARNING - Data fetch failed for 2020-07-22: object of type 'coroutine' has no len()
2026-03-09 11:10:32,946 - WARNING - Data fetch failed for 2020-07-23: object of type 'coroutine' has no len()
2026-03-09 11:10:32,946 - WARNING - Data fetch failed for 2020-07-24: object of type 'coroutine' has no len()
2026-03-09 11:10:32,946 - WARNING - Data fetch failed for 2020-07-27: object of type 'coroutine' has no len()
2026-03-09 11:10:32,946 - WARNING - Data fetch failed for 2020-07-28: object of type 'coroutine' has no len()
2026-03-09 11:10:32,946 - WARNING - Data fetch failed for 2020-07-29: object of type 'coroutine' has no len()
2026-03-09 11:10:32,946 - WARNING - Data fetch failed for 2020-07-30: object of type 'coroutine' has no len()
2026-03-09 11:10:32,946 - WARNING - Data fetch failed for 2020-07-31: object of type 'coroutine' has no len()
2026-03-09 11:10:32,946 - WARNING - Data fetch failed for 2020-08-03: object of type 'coroutine' has no len()
2026-03-09 11:10:32,946 - WARNING - Data fetch failed for 2020-08-04: object of type 'coroutine' has no len()
2026-03-09 11:10:32,946 - WARNING - Data fetch failed for 2020-08-05: object of type 'coroutine' has no len()
2026-03-09 11:10:32,946 - WARNING - Data fetch failed for 2020-08-06: object of type 'coroutine' has no len()
2026-03-09 11:10:32,946 - WARNING - Data fetch failed for 2020-08-07: object of type 'coroutine' has no len()
2026-03-09 11:10:32,946 - WARNING - Data fetch failed for 2020-08-10: object of type 'coroutine' has no len()
2026-03-09 11:10:32,946 - WARNING - Data fetch failed for 2020-08-11: object of type 'coroutine' has no len()
2026-03-09 11:10:32,946 - WARNING - Data fetch failed for 2020-08-12: object of type 'coroutine' has no len()
2026-03-09 11:10:32,946 - WARNING - Data fetch failed for 2020-08-13: object of type 'coroutine' has no len()
2026-03-09 11:10:32,946 - WARNING - Data fetch failed for 2020-08-14: object of type 'coroutine' has no len()
2026-03-09 11:10:32,946 - WARNING - Data fetch failed for 2020-08-17: object of type 'coroutine' has no len()
2026-03-09 11:10:32,946 - WARNING - Data fetch failed for 2020-08-18: object of type 'coroutine' has no len()
2026-03-09 11:10:32,947 - WARNING - Data fetch failed for 2020-08-19: object of type 'coroutine' has no len()
2026-03-09 11:10:32,947 - WARNING - Data fetch failed for 2020-08-20: object of type 'coroutine' has no len()
2026-03-09 11:10:32,947 - WARNING - Data fetch failed for 2020-08-21: object of type 'coroutine' has no len()
2026-03-09 11:10:32,947 - WARNING - Data fetch failed for 2020-08-24: object of type 'coroutine' has no len()
2026-03-09 11:10:32,947 - WARNING - Data fetch failed for 2020-08-25: object of type 'coroutine' has no len()
2026-03-09 11:10:32,947 - WARNING - Data fetch failed for 2020-08-26: object of type 'coroutine' has no len()
2026-03-09 11:10:32,947 - WARNING - Data fetch failed for 2020-08-27: object of type 'coroutine' has no len()
2026-03-09 11:10:32,947 - WARNING - Data fetch failed for 2020-08-28: object of type 'coroutine' has no len()
2026-03-09 11:10:32,947 - WARNING - Data fetch failed for 2020-08-31: object of type 'coroutine' has no len()
2026-03-09 11:10:32,947 - WARNING - Data fetch failed for 2020-09-01: object of type 'coroutine' has no len()
2026-03-09 11:10:32,947 - WARNING - Data fetch failed for 2020-09-02: object of type 'coroutine' has no len()
2026-03-09 11:10:32,947 - WARNING - Data fetch failed for 2020-09-03: object of type 'coroutine' has no len()
2026-03-09 11:10:32,947 - WARNING - Data fetch failed for 2020-09-04: object of type 'coroutine' has no len()
2026-03-09 11:10:32,947 - WARNING - Data fetch failed for 2020-09-08: object of type 'coroutine' has no len()
2026-03-09 11:10:32,947 - WARNING - Data fetch failed for 2020-09-09: object of type 'coroutine' has no len()
2026-03-09 11:10:32,947 - WARNING - Data fetch failed for 2020-09-10: object of type 'coroutine' has no len()
2026-03-09 11:10:32,947 - WARNING - Data fetch failed for 2020-09-11: object of type 'coroutine' has no len()
2026-03-09 11:10:32,947 - WARNING - Data fetch failed for 2020-09-14: object of type 'coroutine' has no len()
2026-03-09 11:10:32,947 - WARNING - Data fetch failed for 2020-09-15: object of type 'coroutine' has no len()
2026-03-09 11:10:32,947 - WARNING - Data fetch failed for 2020-09-16: object of type 'coroutine' has no len()
2026-03-09 11:10:32,947 - WARNING - Data fetch failed for 2020-09-17: object of type 'coroutine' has no len()
2026-03-09 11:10:32,947 - WARNING - Data fetch failed for 2020-09-18: object of type 'coroutine' has no len()
2026-03-09 11:10:32,947 - WARNING - Data fetch failed for 2020-09-21: object of type 'coroutine' has no len()
2026-03-09 11:10:32,947 - WARNING - Data fetch failed for 2020-09-22: object of type 'coroutine' has no len()
2026-03-09 11:10:32,947 - WARNING - Data fetch failed for 2020-09-23: object of type 'coroutine' has no len()
2026-03-09 11:10:32,947 - WARNING - Data fetch failed for 2020-09-24: object of type 'coroutine' has no len()
2026-03-09 11:10:32,947 - WARNING - Data fetch failed for 2020-09-25: object of type 'coroutine' has no len()
2026-03-09 11:10:32,947 - WARNING - Data fetch failed for 2020-09-28: object of type 'coroutine' has no len()
2026-03-09 11:10:32,947 - WARNING - Data fetch failed for 2020-09-29: object of type 'coroutine' has no len()
2026-03-09 11:10:32,947 - WARNING - Data fetch failed for 2020-09-30: object of type 'coroutine' has no len()
2026-03-09 11:10:32,947 - WARNING - Data fetch failed for 2020-10-01: object of type 'coroutine' has no len()
2026-03-09 11:10:32,947 - WARNING - Data fetch failed for 2020-10-02: object of type 'coroutine' has no len()
2026-03-09 11:10:32,947 - WARNING - Data fetch failed for 2020-10-05: object of type 'coroutine' has no len()
2026-03-09 11:10:32,947 - WARNING - Data fetch failed for 2020-10-06: object of type 'coroutine' has no len()
2026-03-09 11:10:32,947 - WARNING - Data fetch failed for 2020-10-07: object of type 'coroutine' has no len()
2026-03-09 11:10:32,947 - WARNING - Data fetch failed for 2020-10-08: object of type 'coroutine' has no len()
2026-03-09 11:10:32,947 - WARNING - Data fetch failed for 2020-10-09: object of type 'coroutine' has no len()
2026-03-09 11:10:32,947 - WARNING - Data fetch failed for 2020-10-12: object of type 'coroutine' has no len()
2026-03-09 11:10:32,947 - WARNING - Data fetch failed for 2020-10-13: object of type 'coroutine' has no len()
2026-03-09 11:10:32,947 - WARNING - Data fetch failed for 2020-10-14: object of type 'coroutine' has no len()
2026-03-09 11:10:32,947 - WARNING - Data fetch failed for 2020-10-15: object of type 'coroutine' has no len()
2026-03-09 11:10:32,947 - WARNING - Data fetch failed for 2020-10-16: object of type 'coroutine' has no len()
2026-03-09 11:10:32,947 - WARNING - Data fetch failed for 2020-10-19: object of type 'coroutine' has no len()
2026-03-09 11:10:32,947 - WARNING - Data fetch failed for 2020-10-20: object of type 'coroutine' has no len()
2026-03-09 11:10:32,947 - WARNING - Data fetch failed for 2020-10-21: object of type 'coroutine' has no len()
2026-03-09 11:10:32,947 - WARNING - Data fetch failed for 2020-10-22: object of type 'coroutine' has no len()
2026-03-09 11:10:32,947 - WARNING - Data fetch failed for 2020-10-23: object of type 'coroutine' has no len()
2026-03-09 11:10:32,947 - WARNING - Data fetch failed for 2020-10-26: object of type 'coroutine' has no len()
2026-03-09 11:10:32,947 - WARNING - Data fetch failed for 2020-10-27: object of type 'coroutine' has no len()
2026-03-09 11:10:32,947 - WARNING - Data fetch failed for 2020-10-28: object of type 'coroutine' has no len()
2026-03-09 11:10:32,947 - WARNING - Data fetch failed for 2020-10-29: object of type 'coroutine' has no len()
2026-03-09 11:10:32,947 - WARNING - Data fetch failed for 2020-10-30: object of type 'coroutine' has no len()
2026-03-09 11:10:32,947 - WARNING - Data fetch failed for 2020-11-02: object of type 'coroutine' has no len()
2026-03-09 11:10:32,947 - WARNING - Data fetch failed for 2020-11-03: object of type 'coroutine' has no len()
2026-03-09 11:10:32,947 - WARNING - Data fetch failed for 2020-11-04: object of type 'coroutine' has no len()
2026-03-09 11:10:32,947 - WARNING - Data fetch failed for 2020-11-05: object of type 'coroutine' has no len()
2026-03-09 11:10:32,947 - WARNING - Data fetch failed for 2020-11-06: object of type 'coroutine' has no len()
2026-03-09 11:10:32,947 - WARNING - Data fetch failed for 2020-11-09: object of type 'coroutine' has no len()
2026-03-09 11:10:32,947 - WARNING - Data fetch failed for 2020-11-10: object of type 'coroutine' has no len()
2026-03-09 11:10:32,947 - WARNING - Data fetch failed for 2020-11-11: object of type 'coroutine' has no len()
2026-03-09 11:10:32,947 - WARNING - Data fetch failed for 2020-11-12: object of type 'coroutine' has no len()
2026-03-09 11:10:32,947 - WARNING - Data fetch failed for 2020-11-13: object of type 'coroutine' has no len()
2026-03-09 11:10:32,947 - WARNING - Data fetch failed for 2020-11-16: object of type 'coroutine' has no len()
2026-03-09 11:10:32,947 - WARNING - Data fetch failed for 2020-11-17: object of type 'coroutine' has no len()
2026-03-09 11:10:32,948 - WARNING - Data fetch failed for 2020-11-18: object of type 'coroutine' has no len()
2026-03-09 11:10:32,948 - WARNING - Data fetch failed for 2020-11-19: object of type 'coroutine' has no len()
2026-03-09 11:10:32,948 - WARNING - Data fetch failed for 2020-11-20: object of type 'coroutine' has no len()
2026-03-09 11:10:32,948 - WARNING - Data fetch failed for 2020-11-23: object of type 'coroutine' has no len()
2026-03-09 11:10:32,948 - WARNING - Data fetch failed for 2020-11-24: object of type 'coroutine' has no len()
2026-03-09 11:10:32,948 - WARNING - Data fetch failed for 2020-11-25: object of type 'coroutine' has no len()
2026-03-09 11:10:32,948 - WARNING - Data fetch failed for 2020-11-27: object of type 'coroutine' has no len()
2026-03-09 11:10:32,948 - WARNING - Data fetch failed for 2020-11-30: object of type 'coroutine' has no len()
2026-03-09 11:10:32,948 - WARNING - Data fetch failed for 2020-12-01: object of type 'coroutine' has no len()
2026-03-09 11:10:32,948 - WARNING - Data fetch failed for 2020-12-02: object of type 'coroutine' has no len()
2026-03-09 11:10:32,948 - WARNING - Data fetch failed for 2020-12-03: object of type 'coroutine' has no len()
2026-03-09 11:10:32,948 - WARNING - Data fetch failed for 2020-12-04: object of type 'coroutine' has no len()
2026-03-09 11:10:32,948 - WARNING - Data fetch failed for 2020-12-07: object of type 'coroutine' has no len()
2026-03-09 11:10:32,948 - WARNING - Data fetch failed for 2020-12-08: object of type 'coroutine' has no len()
2026-03-09 11:10:32,948 - WARNING - Data fetch failed for 2020-12-09: object of type 'coroutine' has no len()
2026-03-09 11:10:32,948 - WARNING - Data fetch failed for 2020-12-10: object of type 'coroutine' has no len()
2026-03-09 11:10:32,948 - WARNING - Data fetch failed for 2020-12-11: object of type 'coroutine' has no len()
2026-03-09 11:10:32,948 - WARNING - Data fetch failed for 2020-12-14: object of type 'coroutine' has no len()
2026-03-09 11:10:32,948 - WARNING - Data fetch failed for 2020-12-15: object of type 'coroutine' has no len()
2026-03-09 11:10:32,948 - WARNING - Data fetch failed for 2020-12-16: object of type 'coroutine' has no len()
2026-03-09 11:10:32,948 - WARNING - Data fetch failed for 2020-12-17: object of type 'coroutine' has no len()
2026-03-09 11:10:32,948 - WARNING - Data fetch failed for 2020-12-18: object of type 'coroutine' has no len()
2026-03-09 11:10:32,948 - WARNING - Data fetch failed for 2020-12-21: object of type 'coroutine' has no len()
2026-03-09 11:10:32,948 - WARNING - Data fetch failed for 2020-12-22: object of type 'coroutine' has no len()
2026-03-09 11:10:32,948 - WARNING - Data fetch failed for 2020-12-23: object of type 'coroutine' has no len()
2026-03-09 11:10:32,948 - WARNING - Data fetch failed for 2020-12-24: object of type 'coroutine' has no len()
2026-03-09 11:10:32,948 - WARNING - Data fetch failed for 2020-12-28: object of type 'coroutine' has no len()
2026-03-09 11:10:32,948 - WARNING - Data fetch failed for 2020-12-29: object of type 'coroutine' has no len()
2026-03-09 11:10:32,948 - WARNING - Data fetch failed for 2020-12-30: object of type 'coroutine' has no len()
2026-03-09 11:10:32,948 - WARNING - Data fetch failed for 2020-12-31: object of type 'coroutine' has no len()
2026-03-09 11:10:32,948 - WARNING - Data fetch failed for 2021-01-04: object of type 'coroutine' has no len()
2026-03-09 11:10:32,949 - WARNING - Data fetch failed for 2021-01-05: object of type 'coroutine' has no len()
2026-03-09 11:10:32,949 - WARNING - Data fetch failed for 2021-01-06: object of type 'coroutine' has no len()
2026-03-09 11:10:32,949 - WARNING - Data fetch failed for 2021-01-07: object of type 'coroutine' has no len()
2026-03-09 11:10:32,949 - WARNING - Data fetch failed for 2021-01-08: object of type 'coroutine' has no len()
2026-03-09 11:10:32,949 - WARNING - Data fetch failed for 2021-01-11: object of type 'coroutine' has no len()
2026-03-09 11:10:32,949 - WARNING - Data fetch failed for 2021-01-12: object of type 'coroutine' has no len()
2026-03-09 11:10:32,949 - WARNING - Data fetch failed for 2021-01-13: object of type 'coroutine' has no len()
2026-03-09 11:10:32,949 - WARNING - Data fetch failed for 2021-01-14: object of type 'coroutine' has no len()
2026-03-09 11:10:32,949 - WARNING - Data fetch failed for 2021-01-15: object of type 'coroutine' has no len()
2026-03-09 11:10:32,949 - WARNING - Data fetch failed for 2021-01-19: object of type 'coroutine' has no len()
2026-03-09 11:10:32,949 - WARNING - Data fetch failed for 2021-01-20: object of type 'coroutine' has no len()
2026-03-09 11:10:32,949 - WARNING - Data fetch failed for 2021-01-21: object of type 'coroutine' has no len()
2026-03-09 11:10:32,949 - WARNING - Data fetch failed for 2021-01-22: object of type 'coroutine' has no len()
2026-03-09 11:10:32,949 - WARNING - Data fetch failed for 2021-01-25: object of type 'coroutine' has no len()
2026-03-09 11:10:32,949 - WARNING - Data fetch failed for 2021-01-26: object of type 'coroutine' has no len()
2026-03-09 11:10:32,949 - WARNING - Data fetch failed for 2021-01-27: object of type 'coroutine' has no len()
2026-03-09 11:10:32,949 - WARNING - Data fetch failed for 2021-01-28: object of type 'coroutine' has no len()
2026-03-09 11:10:32,949 - WARNING - Data fetch failed for 2021-01-29: object of type 'coroutine' has no len()
2026-03-09 11:10:32,949 - WARNING - Data fetch failed for 2021-02-01: object of type 'coroutine' has no len()
2026-03-09 11:10:32,949 - WARNING - Data fetch failed for 2021-02-02: object of type 'coroutine' has no len()
2026-03-09 11:10:32,949 - WARNING - Data fetch failed for 2021-02-03: object of type 'coroutine' has no len()
2026-03-09 11:10:32,949 - WARNING - Data fetch failed for 2021-02-04: object of type 'coroutine' has no len()
2026-03-09 11:10:32,949 - WARNING - Data fetch failed for 2021-02-05: object of type 'coroutine' has no len()
2026-03-09 11:10:32,949 - WARNING - Data fetch failed for 2021-02-08: object of type 'coroutine' has no len()
2026-03-09 11:10:32,949 - WARNING - Data fetch failed for 2021-02-09: object of type 'coroutine' has no len()
2026-03-09 11:10:32,949 - WARNING - Data fetch failed for 2021-02-10: object of type 'coroutine' has no len()
2026-03-09 11:10:32,949 - WARNING - Data fetch failed for 2021-02-11: object of type 'coroutine' has no len()
2026-03-09 11:10:32,949 - WARNING - Data fetch failed for 2021-02-12: object of type 'coroutine' has no len()
2026-03-09 11:10:32,949 - WARNING - Data fetch failed for 2021-02-16: object of type 'coroutine' has no len()
2026-03-09 11:10:32,949 - WARNING - Data fetch failed for 2021-02-17: object of type 'coroutine' has no len()
2026-03-09 11:10:32,949 - WARNING - Data fetch failed for 2021-02-18: object of type 'coroutine' has no len()
2026-03-09 11:10:32,949 - WARNING - Data fetch failed for 2021-02-19: object of type 'coroutine' has no len()
2026-03-09 11:10:32,949 - WARNING - Data fetch failed for 2021-02-22: object of type 'coroutine' has no len()
2026-03-09 11:10:32,949 - WARNING - Data fetch failed for 2021-02-23: object of type 'coroutine' has no len()
2026-03-09 11:10:32,949 - WARNING - Data fetch failed for 2021-02-24: object of type 'coroutine' has no len()
2026-03-09 11:10:32,950 - WARNING - Data fetch failed for 2021-02-25: object of type 'coroutine' has no len()
2026-03-09 11:10:32,950 - WARNING - Data fetch failed for 2021-02-26: object of type 'coroutine' has no len()
2026-03-09 11:10:32,950 - WARNING - Data fetch failed for 2021-03-01: object of type 'coroutine' has no len()
2026-03-09 11:10:32,950 - WARNING - Data fetch failed for 2021-03-02: object of type 'coroutine' has no len()
2026-03-09 11:10:32,950 - WARNING - Data fetch failed for 2021-03-03: object of type 'coroutine' has no len()
2026-03-09 11:10:32,950 - WARNING - Data fetch failed for 2021-03-04: object of type 'coroutine' has no len()
2026-03-09 11:10:32,950 - WARNING - Data fetch failed for 2021-03-05: object of type 'coroutine' has no len()
2026-03-09 11:10:32,950 - WARNING - Data fetch failed for 2021-03-08: object of type 'coroutine' has no len()
2026-03-09 11:10:32,950 - WARNING - Data fetch failed for 2021-03-09: object of type 'coroutine' has no len()
2026-03-09 11:10:32,950 - WARNING - Data fetch failed for 2021-03-10: object of type 'coroutine' has no len()
2026-03-09 11:10:32,950 - WARNING - Data fetch failed for 2021-03-11: object of type 'coroutine' has no len()
2026-03-09 11:10:32,950 - WARNING - Data fetch failed for 2021-03-12: object of type 'coroutine' has no len()
2026-03-09 11:10:32,950 - WARNING - Data fetch failed for 2021-03-15: object of type 'coroutine' has no len()
2026-03-09 11:10:32,950 - WARNING - Data fetch failed for 2021-03-16: object of type 'coroutine' has no len()
2026-03-09 11:10:32,950 - WARNING - Data fetch failed for 2021-03-17: object of type 'coroutine' has no len()
2026-03-09 11:10:32,950 - WARNING - Data fetch failed for 2021-03-18: object of type 'coroutine' has no len()
2026-03-09 11:10:32,950 - WARNING - Data fetch failed for 2021-03-19: object of type 'coroutine' has no len()
2026-03-09 11:10:32,950 - WARNING - Data fetch failed for 2021-03-22: object of type 'coroutine' has no len()
2026-03-09 11:10:32,950 - WARNING - Data fetch failed for 2021-03-23: object of type 'coroutine' has no len()
2026-03-09 11:10:32,950 - WARNING - Data fetch failed for 2021-03-24: object of type 'coroutine' has no len()
2026-03-09 11:10:32,950 - WARNING - Data fetch failed for 2021-03-25: object of type 'coroutine' has no len()
2026-03-09 11:10:32,950 - WARNING - Data fetch failed for 2021-03-26: object of type 'coroutine' has no len()
2026-03-09 11:10:32,950 - WARNING - Data fetch failed for 2021-03-29: object of type 'coroutine' has no len()
2026-03-09 11:10:32,950 - WARNING - Data fetch failed for 2021-03-30: object of type 'coroutine' has no len()
2026-03-09 11:10:32,950 - WARNING - Data fetch failed for 2021-03-31: object of type 'coroutine' has no len()
2026-03-09 11:10:32,950 - WARNING - Data fetch failed for 2021-04-01: object of type 'coroutine' has no len()
2026-03-09 11:10:32,950 - WARNING - Data fetch failed for 2021-04-05: object of type 'coroutine' has no len()
2026-03-09 11:10:32,950 - WARNING - Data fetch failed for 2021-04-06: object of type 'coroutine' has no len()
2026-03-09 11:10:32,950 - WARNING - Data fetch failed for 2021-04-07: object of type 'coroutine' has no len()
2026-03-09 11:10:32,950 - WARNING - Data fetch failed for 2021-04-08: object of type 'coroutine' has no len()
2026-03-09 11:10:32,950 - WARNING - Data fetch failed for 2021-04-09: object of type 'coroutine' has no len()
2026-03-09 11:10:32,950 - WARNING - Data fetch failed for 2021-04-12: object of type 'coroutine' has no len()
2026-03-09 11:10:32,950 - WARNING - Data fetch failed for 2021-04-13: object of type 'coroutine' has no len()
2026-03-09 11:10:32,950 - WARNING - Data fetch failed for 2021-04-14: object of type 'coroutine' has no len()
2026-03-09 11:10:32,950 - WARNING - Data fetch failed for 2021-04-15: object of type 'coroutine' has no len()
2026-03-09 11:10:32,950 - WARNING - Data fetch failed for 2021-04-16: object of type 'coroutine' has no len()
2026-03-09 11:10:32,950 - WARNING - Data fetch failed for 2021-04-19: object of type 'coroutine' has no len()
2026-03-09 11:10:32,950 - WARNING - Data fetch failed for 2021-04-20: object of type 'coroutine' has no len()
2026-03-09 11:10:32,950 - WARNING - Data fetch failed for 2021-04-21: object of type 'coroutine' has no len()
2026-03-09 11:10:32,950 - WARNING - Data fetch failed for 2021-04-22: object of type 'coroutine' has no len()
2026-03-09 11:10:32,950 - WARNING - Data fetch failed for 2021-04-23: object of type 'coroutine' has no len()
2026-03-09 11:10:32,950 - WARNING - Data fetch failed for 2021-04-26: object of type 'coroutine' has no len()
2026-03-09 11:10:32,950 - WARNING - Data fetch failed for 2021-04-27: object of type 'coroutine' has no len()
2026-03-09 11:10:32,950 - WARNING - Data fetch failed for 2021-04-28: object of type 'coroutine' has no len()
2026-03-09 11:10:32,951 - WARNING - Data fetch failed for 2021-04-29: object of type 'coroutine' has no len()
2026-03-09 11:10:32,951 - WARNING - Data fetch failed for 2021-04-30: object of type 'coroutine' has no len()
2026-03-09 11:10:32,951 - WARNING - Data fetch failed for 2021-05-03: object of type 'coroutine' has no len()
2026-03-09 11:10:32,951 - WARNING - Data fetch failed for 2021-05-04: object of type 'coroutine' has no len()
2026-03-09 11:10:32,951 - WARNING - Data fetch failed for 2021-05-05: object of type 'coroutine' has no len()
2026-03-09 11:10:32,951 - WARNING - Data fetch failed for 2021-05-06: object of type 'coroutine' has no len()
2026-03-09 11:10:32,951 - WARNING - Data fetch failed for 2021-05-07: object of type 'coroutine' has no len()
2026-03-09 11:10:32,951 - WARNING - Data fetch failed for 2021-05-10: object of type 'coroutine' has no len()
2026-03-09 11:10:32,951 - WARNING - Data fetch failed for 2021-05-11: object of type 'coroutine' has no len()
2026-03-09 11:10:32,951 - WARNING - Data fetch failed for 2021-05-12: object of type 'coroutine' has no len()
2026-03-09 11:10:32,951 - WARNING - Data fetch failed for 2021-05-13: object of type 'coroutine' has no len()
2026-03-09 11:10:32,951 - WARNING - Data fetch failed for 2021-05-14: object of type 'coroutine' has no len()
2026-03-09 11:10:32,951 - WARNING - Data fetch failed for 2021-05-17: object of type 'coroutine' has no len()
2026-03-09 11:10:32,951 - WARNING - Data fetch failed for 2021-05-18: object of type 'coroutine' has no len()
2026-03-09 11:10:32,951 - WARNING - Data fetch failed for 2021-05-19: object of type 'coroutine' has no len()
2026-03-09 11:10:32,951 - WARNING - Data fetch failed for 2021-05-20: object of type 'coroutine' has no len()
2026-03-09 11:10:32,951 - WARNING - Data fetch failed for 2021-05-21: object of type 'coroutine' has no len()
2026-03-09 11:10:32,951 - WARNING - Data fetch failed for 2021-05-24: object of type 'coroutine' has no len()
2026-03-09 11:10:32,951 - WARNING - Data fetch failed for 2021-05-25: object of type 'coroutine' has no len()
2026-03-09 11:10:32,951 - WARNING - Data fetch failed for 2021-05-26: object of type 'coroutine' has no len()
2026-03-09 11:10:32,951 - WARNING - Data fetch failed for 2021-05-27: object of type 'coroutine' has no len()
2026-03-09 11:10:32,951 - WARNING - Data fetch failed for 2021-05-28: object of type 'coroutine' has no len()
2026-03-09 11:10:32,951 - WARNING - Data fetch failed for 2021-06-01: object of type 'coroutine' has no len()
2026-03-09 11:10:32,952 - WARNING - Data fetch failed for 2021-06-02: object of type 'coroutine' has no len()
2026-03-09 11:10:32,952 - WARNING - Data fetch failed for 2021-06-03: object of type 'coroutine' has no len()
2026-03-09 11:10:32,952 - WARNING - Data fetch failed for 2021-06-04: object of type 'coroutine' has no len()
2026-03-09 11:10:32,952 - WARNING - Data fetch failed for 2021-06-07: object of type 'coroutine' has no len()
2026-03-09 11:10:32,952 - WARNING - Data fetch failed for 2021-06-08: object of type 'coroutine' has no len()
2026-03-09 11:10:32,952 - WARNING - Data fetch failed for 2021-06-09: object of type 'coroutine' has no len()
2026-03-09 11:10:32,952 - WARNING - Data fetch failed for 2021-06-10: object of type 'coroutine' has no len()
2026-03-09 11:10:32,952 - WARNING - Data fetch failed for 2021-06-11: object of type 'coroutine' has no len()
2026-03-09 11:10:32,952 - WARNING - Data fetch failed for 2021-06-14: object of type 'coroutine' has no len()
2026-03-09 11:10:32,952 - WARNING - Data fetch failed for 2021-06-15: object of type 'coroutine' has no len()
2026-03-09 11:10:32,953 - WARNING - Data fetch failed for 2021-06-16: object of type 'coroutine' has no len()
2026-03-09 11:10:32,953 - WARNING - Data fetch failed for 2021-06-17: object of type 'coroutine' has no len()
2026-03-09 11:10:32,953 - WARNING - Data fetch failed for 2021-06-18: object of type 'coroutine' has no len()
2026-03-09 11:10:32,953 - WARNING - Data fetch failed for 2021-06-21: object of type 'coroutine' has no len()
2026-03-09 11:10:32,953 - WARNING - Data fetch failed for 2021-06-22: object of type 'coroutine' has no len()
2026-03-09 11:10:32,953 - WARNING - Data fetch failed for 2021-06-23: object of type 'coroutine' has no len()
2026-03-09 11:10:32,953 - WARNING - Data fetch failed for 2021-06-24: object of type 'coroutine' has no len()
2026-03-09 11:10:32,953 - WARNING - Data fetch failed for 2021-06-25: object of type 'coroutine' has no len()
2026-03-09 11:10:32,953 - WARNING - Data fetch failed for 2021-06-28: object of type 'coroutine' has no len()
2026-03-09 11:10:32,953 - WARNING - Data fetch failed for 2021-06-29: object of type 'coroutine' has no len()
2026-03-09 11:10:32,953 - WARNING - Data fetch failed for 2021-06-30: object of type 'coroutine' has no len()
2026-03-09 11:10:32,954 - WARNING - Data fetch failed for 2021-07-01: object of type 'coroutine' has no len()
2026-03-09 11:10:32,954 - WARNING - Data fetch failed for 2021-07-02: object of type 'coroutine' has no len()
2026-03-09 11:10:32,954 - WARNING - Data fetch failed for 2021-07-06: object of type 'coroutine' has no len()
2026-03-09 11:10:32,954 - WARNING - Data fetch failed for 2021-07-07: object of type 'coroutine' has no len()
2026-03-09 11:10:32,954 - WARNING - Data fetch failed for 2021-07-08: object of type 'coroutine' has no len()
2026-03-09 11:10:32,954 - WARNING - Data fetch failed for 2021-07-09: object of type 'coroutine' has no len()
2026-03-09 11:10:32,954 - WARNING - Data fetch failed for 2021-07-12: object of type 'coroutine' has no len()
2026-03-09 11:10:32,954 - WARNING - Data fetch failed for 2021-07-13: object of type 'coroutine' has no len()
2026-03-09 11:10:32,954 - WARNING - Data fetch failed for 2021-07-14: object of type 'coroutine' has no len()
2026-03-09 11:10:32,954 - WARNING - Data fetch failed for 2021-07-15: object of type 'coroutine' has no len()
2026-03-09 11:10:32,954 - WARNING - Data fetch failed for 2021-07-16: object of type 'coroutine' has no len()
2026-03-09 11:10:32,954 - WARNING - Data fetch failed for 2021-07-19: object of type 'coroutine' has no len()
2026-03-09 11:10:32,954 - WARNING - Data fetch failed for 2021-07-20: object of type 'coroutine' has no len()
2026-03-09 11:10:32,954 - WARNING - Data fetch failed for 2021-07-21: object of type 'coroutine' has no len()
2026-03-09 11:10:32,954 - WARNING - Data fetch failed for 2021-07-22: object of type 'coroutine' has no len()
2026-03-09 11:10:32,954 - WARNING - Data fetch failed for 2021-07-23: object of type 'coroutine' has no len()
2026-03-09 11:10:32,954 - WARNING - Data fetch failed for 2021-07-26: object of type 'coroutine' has no len()
2026-03-09 11:10:32,954 - WARNING - Data fetch failed for 2021-07-27: object of type 'coroutine' has no len()
2026-03-09 11:10:32,954 - WARNING - Data fetch failed for 2021-07-28: object of type 'coroutine' has no len()
2026-03-09 11:10:32,954 - WARNING - Data fetch failed for 2021-07-29: object of type 'coroutine' has no len()
2026-03-09 11:10:32,954 - WARNING - Data fetch failed for 2021-07-30: object of type 'coroutine' has no len()
2026-03-09 11:10:32,954 - WARNING - Data fetch failed for 2021-08-02: object of type 'coroutine' has no len()
2026-03-09 11:10:32,954 - WARNING - Data fetch failed for 2021-08-03: object of type 'coroutine' has no len()
2026-03-09 11:10:32,954 - WARNING - Data fetch failed for 2021-08-04: object of type 'coroutine' has no len()
2026-03-09 11:10:32,954 - WARNING - Data fetch failed for 2021-08-05: object of type 'coroutine' has no len()
2026-03-09 11:10:32,954 - WARNING - Data fetch failed for 2021-08-06: object of type 'coroutine' has no len()
2026-03-09 11:10:32,954 - WARNING - Data fetch failed for 2021-08-09: object of type 'coroutine' has no len()
2026-03-09 11:10:32,954 - WARNING - Data fetch failed for 2021-08-10: object of type 'coroutine' has no len()
2026-03-09 11:10:32,954 - WARNING - Data fetch failed for 2021-08-11: object of type 'coroutine' has no len()
2026-03-09 11:10:32,955 - WARNING - Data fetch failed for 2021-08-12: object of type 'coroutine' has no len()
2026-03-09 11:10:32,955 - WARNING - Data fetch failed for 2021-08-13: object of type 'coroutine' has no len()
2026-03-09 11:10:32,955 - WARNING - Data fetch failed for 2021-08-16: object of type 'coroutine' has no len()
2026-03-09 11:10:32,955 - WARNING - Data fetch failed for 2021-08-17: object of type 'coroutine' has no len()
2026-03-09 11:10:32,955 - WARNING - Data fetch failed for 2021-08-18: object of type 'coroutine' has no len()
2026-03-09 11:10:32,955 - WARNING - Data fetch failed for 2021-08-19: object of type 'coroutine' has no len()
2026-03-09 11:10:32,955 - WARNING - Data fetch failed for 2021-08-20: object of type 'coroutine' has no len()
2026-03-09 11:10:32,955 - WARNING - Data fetch failed for 2021-08-23: object of type 'coroutine' has no len()
2026-03-09 11:10:32,955 - WARNING - Data fetch failed for 2021-08-24: object of type 'coroutine' has no len()
2026-03-09 11:10:32,955 - WARNING - Data fetch failed for 2021-08-25: object of type 'coroutine' has no len()
2026-03-09 11:10:32,955 - WARNING - Data fetch failed for 2021-08-26: object of type 'coroutine' has no len()
2026-03-09 11:10:32,955 - WARNING - Data fetch failed for 2021-08-27: object of type 'coroutine' has no len()
2026-03-09 11:10:32,955 - WARNING - Data fetch failed for 2021-08-30: object of type 'coroutine' has no len()
2026-03-09 11:10:32,955 - WARNING - Data fetch failed for 2021-08-31: object of type 'coroutine' has no len()
2026-03-09 11:10:32,955 - WARNING - Data fetch failed for 2021-09-01: object of type 'coroutine' has no len()
2026-03-09 11:10:32,955 - WARNING - Data fetch failed for 2021-09-02: object of type 'coroutine' has no len()
2026-03-09 11:10:32,955 - WARNING - Data fetch failed for 2021-09-03: object of type 'coroutine' has no len()
2026-03-09 11:10:32,955 - WARNING - Data fetch failed for 2021-09-07: object of type 'coroutine' has no len()
2026-03-09 11:10:32,955 - WARNING - Data fetch failed for 2021-09-08: object of type 'coroutine' has no len()
2026-03-09 11:10:32,955 - WARNING - Data fetch failed for 2021-09-09: object of type 'coroutine' has no len()
2026-03-09 11:10:32,955 - WARNING - Data fetch failed for 2021-09-10: object of type 'coroutine' has no len()
2026-03-09 11:10:32,955 - WARNING - Data fetch failed for 2021-09-13: object of type 'coroutine' has no len()
2026-03-09 11:10:32,955 - WARNING - Data fetch failed for 2021-09-14: object of type 'coroutine' has no len()
2026-03-09 11:10:32,955 - WARNING - Data fetch failed for 2021-09-15: object of type 'coroutine' has no len()
2026-03-09 11:10:32,955 - WARNING - Data fetch failed for 2021-09-16: object of type 'coroutine' has no len()
2026-03-09 11:10:32,955 - WARNING - Data fetch failed for 2021-09-17: object of type 'coroutine' has no len()
2026-03-09 11:10:32,955 - WARNING - Data fetch failed for 2021-09-20: object of type 'coroutine' has no len()
2026-03-09 11:10:32,955 - WARNING - Data fetch failed for 2021-09-21: object of type 'coroutine' has no len()
2026-03-09 11:10:32,955 - WARNING - Data fetch failed for 2021-09-22: object of type 'coroutine' has no len()
2026-03-09 11:10:32,955 - WARNING - Data fetch failed for 2021-09-23: object of type 'coroutine' has no len()
2026-03-09 11:10:32,955 - WARNING - Data fetch failed for 2021-09-24: object of type 'coroutine' has no len()
2026-03-09 11:10:32,955 - WARNING - Data fetch failed for 2021-09-27: object of type 'coroutine' has no len()
2026-03-09 11:10:32,955 - WARNING - Data fetch failed for 2021-09-28: object of type 'coroutine' has no len()
2026-03-09 11:10:32,955 - WARNING - Data fetch failed for 2021-09-29: object of type 'coroutine' has no len()
2026-03-09 11:10:32,955 - WARNING - Data fetch failed for 2021-09-30: object of type 'coroutine' has no len()
2026-03-09 11:10:32,955 - WARNING - Data fetch failed for 2021-10-01: object of type 'coroutine' has no len()
2026-03-09 11:10:32,955 - WARNING - Data fetch failed for 2021-10-04: object of type 'coroutine' has no len()
2026-03-09 11:10:32,956 - WARNING - Data fetch failed for 2021-10-05: object of type 'coroutine' has no len()
2026-03-09 11:10:32,956 - WARNING - Data fetch failed for 2021-10-06: object of type 'coroutine' has no len()
2026-03-09 11:10:32,956 - WARNING - Data fetch failed for 2021-10-07: object of type 'coroutine' has no len()
2026-03-09 11:10:32,956 - WARNING - Data fetch failed for 2021-10-08: object of type 'coroutine' has no len()
2026-03-09 11:10:32,956 - WARNING - Data fetch failed for 2021-10-11: object of type 'coroutine' has no len()
2026-03-09 11:10:32,956 - WARNING - Data fetch failed for 2021-10-12: object of type 'coroutine' has no len()
2026-03-09 11:10:32,956 - WARNING - Data fetch failed for 2021-10-13: object of type 'coroutine' has no len()
2026-03-09 11:10:32,956 - WARNING - Data fetch failed for 2021-10-14: object of type 'coroutine' has no len()
2026-03-09 11:10:32,956 - WARNING - Data fetch failed for 2021-10-15: object of type 'coroutine' has no len()
2026-03-09 11:10:32,956 - WARNING - Data fetch failed for 2021-10-18: object of type 'coroutine' has no len()
2026-03-09 11:10:32,956 - WARNING - Data fetch failed for 2021-10-19: object of type 'coroutine' has no len()
2026-03-09 11:10:32,956 - WARNING - Data fetch failed for 2021-10-20: object of type 'coroutine' has no len()
2026-03-09 11:10:32,956 - WARNING - Data fetch failed for 2021-10-21: object of type 'coroutine' has no len()
2026-03-09 11:10:32,956 - WARNING - Data fetch failed for 2021-10-22: object of type 'coroutine' has no len()
2026-03-09 11:10:32,956 - WARNING - Data fetch failed for 2021-10-25: object of type 'coroutine' has no len()
2026-03-09 11:10:32,956 - WARNING - Data fetch failed for 2021-10-26: object of type 'coroutine' has no len()
2026-03-09 11:10:32,956 - WARNING - Data fetch failed for 2021-10-27: object of type 'coroutine' has no len()
2026-03-09 11:10:32,956 - WARNING - Data fetch failed for 2021-10-28: object of type 'coroutine' has no len()
2026-03-09 11:10:32,956 - WARNING - Data fetch failed for 2021-10-29: object of type 'coroutine' has no len()
2026-03-09 11:10:32,956 - WARNING - Data fetch failed for 2021-11-01: object of type 'coroutine' has no len()
2026-03-09 11:10:32,956 - WARNING - Data fetch failed for 2021-11-02: object of type 'coroutine' has no len()
2026-03-09 11:10:32,956 - WARNING - Data fetch failed for 2021-11-03: object of type 'coroutine' has no len()
2026-03-09 11:10:32,956 - WARNING - Data fetch failed for 2021-11-04: object of type 'coroutine' has no len()
2026-03-09 11:10:32,956 - WARNING - Data fetch failed for 2021-11-05: object of type 'coroutine' has no len()
2026-03-09 11:10:32,956 - WARNING - Data fetch failed for 2021-11-08: object of type 'coroutine' has no len()
2026-03-09 11:10:32,956 - WARNING - Data fetch failed for 2021-11-09: object of type 'coroutine' has no len()
2026-03-09 11:10:32,956 - WARNING - Data fetch failed for 2021-11-10: object of type 'coroutine' has no len()
2026-03-09 11:10:32,956 - WARNING - Data fetch failed for 2021-11-11: object of type 'coroutine' has no len()
2026-03-09 11:10:32,956 - WARNING - Data fetch failed for 2021-11-12: object of type 'coroutine' has no len()
2026-03-09 11:10:32,956 - WARNING - Data fetch failed for 2021-11-15: object of type 'coroutine' has no len()
2026-03-09 11:10:32,956 - WARNING - Data fetch failed for 2021-11-16: object of type 'coroutine' has no len()
2026-03-09 11:10:32,956 - WARNING - Data fetch failed for 2021-11-17: object of type 'coroutine' has no len()
2026-03-09 11:10:32,956 - WARNING - Data fetch failed for 2021-11-18: object of type 'coroutine' has no len()
2026-03-09 11:10:32,956 - WARNING - Data fetch failed for 2021-11-19: object of type 'coroutine' has no len()
2026-03-09 11:10:32,957 - WARNING - Data fetch failed for 2021-11-22: object of type 'coroutine' has no len()
2026-03-09 11:10:32,957 - WARNING - Data fetch failed for 2021-11-23: object of type 'coroutine' has no len()
2026-03-09 11:10:32,957 - WARNING - Data fetch failed for 2021-11-24: object of type 'coroutine' has no len()
2026-03-09 11:10:32,957 - WARNING - Data fetch failed for 2021-11-26: object of type 'coroutine' has no len()
2026-03-09 11:10:32,957 - WARNING - Data fetch failed for 2021-11-29: object of type 'coroutine' has no len()
2026-03-09 11:10:32,957 - WARNING - Data fetch failed for 2021-11-30: object of type 'coroutine' has no len()
2026-03-09 11:10:32,957 - WARNING - Data fetch failed for 2021-12-01: object of type 'coroutine' has no len()
2026-03-09 11:10:32,957 - WARNING - Data fetch failed for 2021-12-02: object of type 'coroutine' has no len()
2026-03-09 11:10:32,957 - WARNING - Data fetch failed for 2021-12-03: object of type 'coroutine' has no len()
2026-03-09 11:10:32,957 - WARNING - Data fetch failed for 2021-12-06: object of type 'coroutine' has no len()
2026-03-09 11:10:32,957 - WARNING - Data fetch failed for 2021-12-07: object of type 'coroutine' has no len()
2026-03-09 11:10:32,957 - WARNING - Data fetch failed for 2021-12-08: object of type 'coroutine' has no len()
2026-03-09 11:10:32,957 - WARNING - Data fetch failed for 2021-12-09: object of type 'coroutine' has no len()
2026-03-09 11:10:32,957 - WARNING - Data fetch failed for 2021-12-10: object of type 'coroutine' has no len()
2026-03-09 11:10:32,957 - WARNING - Data fetch failed for 2021-12-13: object of type 'coroutine' has no len()
2026-03-09 11:10:32,957 - WARNING - Data fetch failed for 2021-12-14: object of type 'coroutine' has no len()
2026-03-09 11:10:32,957 - WARNING - Data fetch failed for 2021-12-15: object of type 'coroutine' has no len()
2026-03-09 11:10:32,957 - WARNING - Data fetch failed for 2021-12-16: object of type 'coroutine' has no len()
2026-03-09 11:10:32,957 - WARNING - Data fetch failed for 2021-12-17: object of type 'coroutine' has no len()
2026-03-09 11:10:32,957 - WARNING - Data fetch failed for 2021-12-20: object of type 'coroutine' has no len()
2026-03-09 11:10:32,957 - WARNING - Data fetch failed for 2021-12-21: object of type 'coroutine' has no len()
2026-03-09 11:10:32,957 - WARNING - Data fetch failed for 2021-12-22: object of type 'coroutine' has no len()
2026-03-09 11:10:32,957 - WARNING - Data fetch failed for 2021-12-23: object of type 'coroutine' has no len()
2026-03-09 11:10:32,957 - WARNING - Data fetch failed for 2021-12-27: object of type 'coroutine' has no len()
2026-03-09 11:10:32,957 - WARNING - Data fetch failed for 2021-12-28: object of type 'coroutine' has no len()
2026-03-09 11:10:32,957 - WARNING - Data fetch failed for 2021-12-29: object of type 'coroutine' has no len()
2026-03-09 11:10:32,957 - WARNING - Data fetch failed for 2021-12-30: object of type 'coroutine' has no len()
2026-03-09 11:10:32,957 - WARNING - Data fetch failed for 2021-12-31: object of type 'coroutine' has no len()
2026-03-09 11:10:32,957 - WARNING - Data fetch failed for 2022-01-03: object of type 'coroutine' has no len()
2026-03-09 11:10:32,957 - WARNING - Data fetch failed for 2022-01-04: object of type 'coroutine' has no len()
2026-03-09 11:10:32,957 - WARNING - Data fetch failed for 2022-01-05: object of type 'coroutine' has no len()
2026-03-09 11:10:32,957 - WARNING - Data fetch failed for 2022-01-06: object of type 'coroutine' has no len()
2026-03-09 11:10:32,957 - WARNING - Data fetch failed for 2022-01-07: object of type 'coroutine' has no len()
2026-03-09 11:10:32,957 - WARNING - Data fetch failed for 2022-01-10: object of type 'coroutine' has no len()
2026-03-09 11:10:32,957 - WARNING - Data fetch failed for 2022-01-11: object of type 'coroutine' has no len()
2026-03-09 11:10:32,957 - WARNING - Data fetch failed for 2022-01-12: object of type 'coroutine' has no len()
2026-03-09 11:10:32,957 - WARNING - Data fetch failed for 2022-01-13: object of type 'coroutine' has no len()
2026-03-09 11:10:32,957 - WARNING - Data fetch failed for 2022-01-14: object of type 'coroutine' has no len()
2026-03-09 11:10:32,957 - WARNING - Data fetch failed for 2022-01-18: object of type 'coroutine' has no len()
2026-03-09 11:10:32,957 - WARNING - Data fetch failed for 2022-01-19: object of type 'coroutine' has no len()
2026-03-09 11:10:32,957 - WARNING - Data fetch failed for 2022-01-20: object of type 'coroutine' has no len()
2026-03-09 11:10:32,957 - WARNING - Data fetch failed for 2022-01-21: object of type 'coroutine' has no len()
2026-03-09 11:10:32,957 - WARNING - Data fetch failed for 2022-01-24: object of type 'coroutine' has no len()
2026-03-09 11:10:32,957 - WARNING - Data fetch failed for 2022-01-25: object of type 'coroutine' has no len()
2026-03-09 11:10:32,957 - WARNING - Data fetch failed for 2022-01-26: object of type 'coroutine' has no len()
2026-03-09 11:10:32,957 - WARNING - Data fetch failed for 2022-01-27: object of type 'coroutine' has no len()
2026-03-09 11:10:32,957 - WARNING - Data fetch failed for 2022-01-28: object of type 'coroutine' has no len()
2026-03-09 11:10:32,957 - WARNING - Data fetch failed for 2022-01-31: object of type 'coroutine' has no len()
2026-03-09 11:10:32,957 - WARNING - Data fetch failed for 2022-02-01: object of type 'coroutine' has no len()
2026-03-09 11:10:32,957 - WARNING - Data fetch failed for 2022-02-02: object of type 'coroutine' has no len()
2026-03-09 11:10:32,957 - WARNING - Data fetch failed for 2022-02-03: object of type 'coroutine' has no len()
2026-03-09 11:10:32,957 - WARNING - Data fetch failed for 2022-02-04: object of type 'coroutine' has no len()
2026-03-09 11:10:32,957 - WARNING - Data fetch failed for 2022-02-07: object of type 'coroutine' has no len()
2026-03-09 11:10:32,957 - WARNING - Data fetch failed for 2022-02-08: object of type 'coroutine' has no len()
2026-03-09 11:10:32,958 - WARNING - Data fetch failed for 2022-02-09: object of type 'coroutine' has no len()
2026-03-09 11:10:32,958 - WARNING - Data fetch failed for 2022-02-10: object of type 'coroutine' has no len()
2026-03-09 11:10:32,958 - WARNING - Data fetch failed for 2022-02-11: object of type 'coroutine' has no len()
2026-03-09 11:10:32,958 - WARNING - Data fetch failed for 2022-02-14: object of type 'coroutine' has no len()
2026-03-09 11:10:32,958 - WARNING - Data fetch failed for 2022-02-15: object of type 'coroutine' has no len()
2026-03-09 11:10:32,958 - WARNING - Data fetch failed for 2022-02-16: object of type 'coroutine' has no len()
2026-03-09 11:10:32,958 - WARNING - Data fetch failed for 2022-02-17: object of type 'coroutine' has no len()
2026-03-09 11:10:32,958 - WARNING - Data fetch failed for 2022-02-18: object of type 'coroutine' has no len()
2026-03-09 11:10:32,958 - WARNING - Data fetch failed for 2022-02-22: object of type 'coroutine' has no len()
2026-03-09 11:10:32,958 - WARNING - Data fetch failed for 2022-02-23: object of type 'coroutine' has no len()
2026-03-09 11:10:32,958 - WARNING - Data fetch failed for 2022-02-24: object of type 'coroutine' has no len()
2026-03-09 11:10:32,958 - WARNING - Data fetch failed for 2022-02-25: object of type 'coroutine' has no len()
2026-03-09 11:10:32,958 - WARNING - Data fetch failed for 2022-02-28: object of type 'coroutine' has no len()
2026-03-09 11:10:32,958 - WARNING - Data fetch failed for 2022-03-01: object of type 'coroutine' has no len()
2026-03-09 11:10:32,958 - WARNING - Data fetch failed for 2022-03-02: object of type 'coroutine' has no len()
2026-03-09 11:10:32,958 - WARNING - Data fetch failed for 2022-03-03: object of type 'coroutine' has no len()
2026-03-09 11:10:32,958 - WARNING - Data fetch failed for 2022-03-04: object of type 'coroutine' has no len()
2026-03-09 11:10:32,958 - WARNING - Data fetch failed for 2022-03-07: object of type 'coroutine' has no len()
2026-03-09 11:10:32,958 - WARNING - Data fetch failed for 2022-03-08: object of type 'coroutine' has no len()
2026-03-09 11:10:32,958 - WARNING - Data fetch failed for 2022-03-09: object of type 'coroutine' has no len()
2026-03-09 11:10:32,958 - WARNING - Data fetch failed for 2022-03-10: object of type 'coroutine' has no len()
2026-03-09 11:10:32,958 - WARNING - Data fetch failed for 2022-03-11: object of type 'coroutine' has no len()
2026-03-09 11:10:32,958 - WARNING - Data fetch failed for 2022-03-14: object of type 'coroutine' has no len()
2026-03-09 11:10:32,958 - WARNING - Data fetch failed for 2022-03-15: object of type 'coroutine' has no len()
2026-03-09 11:10:32,958 - WARNING - Data fetch failed for 2022-03-16: object of type 'coroutine' has no len()
2026-03-09 11:10:32,958 - WARNING - Data fetch failed for 2022-03-17: object of type 'coroutine' has no len()
2026-03-09 11:10:32,958 - WARNING - Data fetch failed for 2022-03-18: object of type 'coroutine' has no len()
2026-03-09 11:10:32,958 - WARNING - Data fetch failed for 2022-03-21: object of type 'coroutine' has no len()
2026-03-09 11:10:32,958 - WARNING - Data fetch failed for 2022-03-22: object of type 'coroutine' has no len()
2026-03-09 11:10:32,958 - WARNING - Data fetch failed for 2022-03-23: object of type 'coroutine' has no len()
2026-03-09 11:10:32,958 - WARNING - Data fetch failed for 2022-03-24: object of type 'coroutine' has no len()
2026-03-09 11:10:32,958 - WARNING - Data fetch failed for 2022-03-25: object of type 'coroutine' has no len()
2026-03-09 11:10:32,958 - WARNING - Data fetch failed for 2022-03-28: object of type 'coroutine' has no len()
2026-03-09 11:10:32,958 - WARNING - Data fetch failed for 2022-03-29: object of type 'coroutine' has no len()
2026-03-09 11:10:32,958 - WARNING - Data fetch failed for 2022-03-30: object of type 'coroutine' has no len()
2026-03-09 11:10:32,958 - WARNING - Data fetch failed for 2022-03-31: object of type 'coroutine' has no len()
2026-03-09 11:10:32,958 - WARNING - Data fetch failed for 2022-04-01: object of type 'coroutine' has no len()
2026-03-09 11:10:32,958 - WARNING - Data fetch failed for 2022-04-04: object of type 'coroutine' has no len()
2026-03-09 11:10:32,958 - WARNING - Data fetch failed for 2022-04-05: object of type 'coroutine' has no len()
2026-03-09 11:10:32,958 - WARNING - Data fetch failed for 2022-04-06: object of type 'coroutine' has no len()
2026-03-09 11:10:32,958 - WARNING - Data fetch failed for 2022-04-07: object of type 'coroutine' has no len()
2026-03-09 11:10:32,958 - WARNING - Data fetch failed for 2022-04-08: object of type 'coroutine' has no len()
2026-03-09 11:10:32,958 - WARNING - Data fetch failed for 2022-04-11: object of type 'coroutine' has no len()
2026-03-09 11:10:32,958 - WARNING - Data fetch failed for 2022-04-12: object of type 'coroutine' has no len()
2026-03-09 11:10:32,958 - WARNING - Data fetch failed for 2022-04-13: object of type 'coroutine' has no len()
2026-03-09 11:10:32,958 - WARNING - Data fetch failed for 2022-04-14: object of type 'coroutine' has no len()
2026-03-09 11:10:32,958 - WARNING - Data fetch failed for 2022-04-18: object of type 'coroutine' has no len()
2026-03-09 11:10:32,958 - WARNING - Data fetch failed for 2022-04-19: object of type 'coroutine' has no len()
2026-03-09 11:10:32,959 - WARNING - Data fetch failed for 2022-04-20: object of type 'coroutine' has no len()
2026-03-09 11:10:32,959 - WARNING - Data fetch failed for 2022-04-21: object of type 'coroutine' has no len()
2026-03-09 11:10:32,959 - WARNING - Data fetch failed for 2022-04-22: object of type 'coroutine' has no len()
2026-03-09 11:10:32,959 - WARNING - Data fetch failed for 2022-04-25: object of type 'coroutine' has no len()
2026-03-09 11:10:32,959 - WARNING - Data fetch failed for 2022-04-26: object of type 'coroutine' has no len()
2026-03-09 11:10:32,959 - WARNING - Data fetch failed for 2022-04-27: object of type 'coroutine' has no len()
2026-03-09 11:10:32,959 - WARNING - Data fetch failed for 2022-04-28: object of type 'coroutine' has no len()
2026-03-09 11:10:32,959 - WARNING - Data fetch failed for 2022-04-29: object of type 'coroutine' has no len()
2026-03-09 11:10:32,959 - WARNING - Data fetch failed for 2022-05-02: object of type 'coroutine' has no len()
2026-03-09 11:10:32,959 - WARNING - Data fetch failed for 2022-05-03: object of type 'coroutine' has no len()
2026-03-09 11:10:32,959 - WARNING - Data fetch failed for 2022-05-04: object of type 'coroutine' has no len()
2026-03-09 11:10:32,959 - WARNING - Data fetch failed for 2022-05-05: object of type 'coroutine' has no len()
2026-03-09 11:10:32,959 - WARNING - Data fetch failed for 2022-05-06: object of type 'coroutine' has no len()
2026-03-09 11:10:32,959 - WARNING - Data fetch failed for 2022-05-09: object of type 'coroutine' has no len()
2026-03-09 11:10:32,959 - WARNING - Data fetch failed for 2022-05-10: object of type 'coroutine' has no len()
2026-03-09 11:10:32,959 - WARNING - Data fetch failed for 2022-05-11: object of type 'coroutine' has no len()
2026-03-09 11:10:32,959 - WARNING - Data fetch failed for 2022-05-12: object of type 'coroutine' has no len()
2026-03-09 11:10:32,959 - WARNING - Data fetch failed for 2022-05-13: object of type 'coroutine' has no len()
2026-03-09 11:10:32,959 - WARNING - Data fetch failed for 2022-05-16: object of type 'coroutine' has no len()
2026-03-09 11:10:32,959 - WARNING - Data fetch failed for 2022-05-17: object of type 'coroutine' has no len()
2026-03-09 11:10:32,959 - WARNING - Data fetch failed for 2022-05-18: object of type 'coroutine' has no len()
2026-03-09 11:10:32,959 - WARNING - Data fetch failed for 2022-05-19: object of type 'coroutine' has no len()
2026-03-09 11:10:32,959 - WARNING - Data fetch failed for 2022-05-20: object of type 'coroutine' has no len()
2026-03-09 11:10:32,959 - WARNING - Data fetch failed for 2022-05-23: object of type 'coroutine' has no len()
2026-03-09 11:10:32,959 - WARNING - Data fetch failed for 2022-05-24: object of type 'coroutine' has no len()
2026-03-09 11:10:32,959 - WARNING - Data fetch failed for 2022-05-25: object of type 'coroutine' has no len()
2026-03-09 11:10:32,959 - WARNING - Data fetch failed for 2022-05-26: object of type 'coroutine' has no len()
2026-03-09 11:10:32,959 - WARNING - Data fetch failed for 2022-05-27: object of type 'coroutine' has no len()
2026-03-09 11:10:32,959 - WARNING - Data fetch failed for 2022-05-31: object of type 'coroutine' has no len()
2026-03-09 11:10:32,959 - WARNING - Data fetch failed for 2022-06-01: object of type 'coroutine' has no len()
2026-03-09 11:10:32,959 - WARNING - Data fetch failed for 2022-06-02: object of type 'coroutine' has no len()
2026-03-09 11:10:32,959 - WARNING - Data fetch failed for 2022-06-03: object of type 'coroutine' has no len()
2026-03-09 11:10:32,959 - WARNING - Data fetch failed for 2022-06-06: object of type 'coroutine' has no len()
2026-03-09 11:10:32,959 - WARNING - Data fetch failed for 2022-06-07: object of type 'coroutine' has no len()
2026-03-09 11:10:32,959 - WARNING - Data fetch failed for 2022-06-08: object of type 'coroutine' has no len()
2026-03-09 11:10:32,959 - WARNING - Data fetch failed for 2022-06-09: object of type 'coroutine' has no len()
2026-03-09 11:10:32,959 - WARNING - Data fetch failed for 2022-06-10: object of type 'coroutine' has no len()
2026-03-09 11:10:32,959 - WARNING - Data fetch failed for 2022-06-13: object of type 'coroutine' has no len()
2026-03-09 11:10:32,959 - WARNING - Data fetch failed for 2022-06-14: object of type 'coroutine' has no len()
2026-03-09 11:10:32,959 - WARNING - Data fetch failed for 2022-06-15: object of type 'coroutine' has no len()
2026-03-09 11:10:32,959 - WARNING - Data fetch failed for 2022-06-16: object of type 'coroutine' has no len()
2026-03-09 11:10:32,959 - WARNING - Data fetch failed for 2022-06-17: object of type 'coroutine' has no len()
2026-03-09 11:10:32,959 - WARNING - Data fetch failed for 2022-06-21: object of type 'coroutine' has no len()
2026-03-09 11:10:32,959 - WARNING - Data fetch failed for 2022-06-22: object of type 'coroutine' has no len()
2026-03-09 11:10:32,959 - WARNING - Data fetch failed for 2022-06-23: object of type 'coroutine' has no len()
2026-03-09 11:10:32,959 - WARNING - Data fetch failed for 2022-06-24: object of type 'coroutine' has no len()
2026-03-09 11:10:32,959 - WARNING - Data fetch failed for 2022-06-27: object of type 'coroutine' has no len()
2026-03-09 11:10:32,959 - WARNING - Data fetch failed for 2022-06-28: object of type 'coroutine' has no len()
2026-03-09 11:10:32,959 - WARNING - Data fetch failed for 2022-06-29: object of type 'coroutine' has no len()
2026-03-09 11:10:32,959 - WARNING - Data fetch failed for 2022-06-30: object of type 'coroutine' has no len()
2026-03-09 11:10:32,959 - WARNING - Data fetch failed for 2022-07-01: object of type 'coroutine' has no len()
2026-03-09 11:10:32,959 - WARNING - Data fetch failed for 2022-07-05: object of type 'coroutine' has no len()
2026-03-09 11:10:32,959 - WARNING - Data fetch failed for 2022-07-06: object of type 'coroutine' has no len()
2026-03-09 11:10:32,959 - WARNING - Data fetch failed for 2022-07-07: object of type 'coroutine' has no len()
2026-03-09 11:10:32,959 - WARNING - Data fetch failed for 2022-07-08: object of type 'coroutine' has no len()
2026-03-09 11:10:32,959 - WARNING - Data fetch failed for 2022-07-11: object of type 'coroutine' has no len()
2026-03-09 11:10:32,959 - WARNING - Data fetch failed for 2022-07-12: object of type 'coroutine' has no len()
2026-03-09 11:10:32,959 - WARNING - Data fetch failed for 2022-07-13: object of type 'coroutine' has no len()
2026-03-09 11:10:32,959 - WARNING - Data fetch failed for 2022-07-14: object of type 'coroutine' has no len()
2026-03-09 11:10:32,959 - WARNING - Data fetch failed for 2022-07-15: object of type 'coroutine' has no len()
2026-03-09 11:10:32,959 - WARNING - Data fetch failed for 2022-07-18: object of type 'coroutine' has no len()
2026-03-09 11:10:32,959 - WARNING - Data fetch failed for 2022-07-19: object of type 'coroutine' has no len()
2026-03-09 11:10:32,959 - WARNING - Data fetch failed for 2022-07-20: object of type 'coroutine' has no len()
2026-03-09 11:10:32,959 - WARNING - Data fetch failed for 2022-07-21: object of type 'coroutine' has no len()
2026-03-09 11:10:32,959 - WARNING - Data fetch failed for 2022-07-22: object of type 'coroutine' has no len()
2026-03-09 11:10:32,959 - WARNING - Data fetch failed for 2022-07-25: object of type 'coroutine' has no len()
2026-03-09 11:10:32,959 - WARNING - Data fetch failed for 2022-07-26: object of type 'coroutine' has no len()
2026-03-09 11:10:32,959 - WARNING - Data fetch failed for 2022-07-27: object of type 'coroutine' has no len()
2026-03-09 11:10:32,959 - WARNING - Data fetch failed for 2022-07-28: object of type 'coroutine' has no len()
2026-03-09 11:10:32,959 - WARNING - Data fetch failed for 2022-07-29: object of type 'coroutine' has no len()
2026-03-09 11:10:32,959 - WARNING - Data fetch failed for 2022-08-01: object of type 'coroutine' has no len()
2026-03-09 11:10:32,959 - WARNING - Data fetch failed for 2022-08-02: object of type 'coroutine' has no len()
2026-03-09 11:10:32,959 - WARNING - Data fetch failed for 2022-08-03: object of type 'coroutine' has no len()
2026-03-09 11:10:32,960 - WARNING - Data fetch failed for 2022-08-04: object of type 'coroutine' has no len()
2026-03-09 11:10:32,960 - WARNING - Data fetch failed for 2022-08-05: object of type 'coroutine' has no len()
2026-03-09 11:10:32,960 - WARNING - Data fetch failed for 2022-08-08: object of type 'coroutine' has no len()
2026-03-09 11:10:32,960 - WARNING - Data fetch failed for 2022-08-09: object of type 'coroutine' has no len()
2026-03-09 11:10:32,960 - WARNING - Data fetch failed for 2022-08-10: object of type 'coroutine' has no len()
2026-03-09 11:10:32,960 - WARNING - Data fetch failed for 2022-08-11: object of type 'coroutine' has no len()
2026-03-09 11:10:32,960 - WARNING - Data fetch failed for 2022-08-12: object of type 'coroutine' has no len()
2026-03-09 11:10:32,960 - WARNING - Data fetch failed for 2022-08-15: object of type 'coroutine' has no len()
2026-03-09 11:10:32,960 - WARNING - Data fetch failed for 2022-08-16: object of type 'coroutine' has no len()
2026-03-09 11:10:32,960 - WARNING - Data fetch failed for 2022-08-17: object of type 'coroutine' has no len()
2026-03-09 11:10:32,960 - WARNING - Data fetch failed for 2022-08-18: object of type 'coroutine' has no len()
2026-03-09 11:10:32,960 - WARNING - Data fetch failed for 2022-08-19: object of type 'coroutine' has no len()
2026-03-09 11:10:32,960 - WARNING - Data fetch failed for 2022-08-22: object of type 'coroutine' has no len()
2026-03-09 11:10:32,960 - WARNING - Data fetch failed for 2022-08-23: object of type 'coroutine' has no len()
2026-03-09 11:10:32,960 - WARNING - Data fetch failed for 2022-08-24: object of type 'coroutine' has no len()
2026-03-09 11:10:32,960 - WARNING - Data fetch failed for 2022-08-25: object of type 'coroutine' has no len()
2026-03-09 11:10:32,960 - WARNING - Data fetch failed for 2022-08-26: object of type 'coroutine' has no len()
2026-03-09 11:10:32,960 - WARNING - Data fetch failed for 2022-08-29: object of type 'coroutine' has no len()
2026-03-09 11:10:32,960 - WARNING - Data fetch failed for 2022-08-30: object of type 'coroutine' has no len()
2026-03-09 11:10:32,960 - WARNING - Data fetch failed for 2022-08-31: object of type 'coroutine' has no len()
2026-03-09 11:10:32,960 - WARNING - Data fetch failed for 2022-09-01: object of type 'coroutine' has no len()
2026-03-09 11:10:32,960 - WARNING - Data fetch failed for 2022-09-02: object of type 'coroutine' has no len()
2026-03-09 11:10:32,960 - WARNING - Data fetch failed for 2022-09-06: object of type 'coroutine' has no len()
2026-03-09 11:10:32,960 - WARNING - Data fetch failed for 2022-09-07: object of type 'coroutine' has no len()
2026-03-09 11:10:32,960 - WARNING - Data fetch failed for 2022-09-08: object of type 'coroutine' has no len()
2026-03-09 11:10:32,960 - WARNING - Data fetch failed for 2022-09-09: object of type 'coroutine' has no len()
2026-03-09 11:10:32,960 - WARNING - Data fetch failed for 2022-09-12: object of type 'coroutine' has no len()
2026-03-09 11:10:32,960 - WARNING - Data fetch failed for 2022-09-13: object of type 'coroutine' has no len()
2026-03-09 11:10:32,960 - WARNING - Data fetch failed for 2022-09-14: object of type 'coroutine' has no len()
2026-03-09 11:10:32,960 - WARNING - Data fetch failed for 2022-09-15: object of type 'coroutine' has no len()
2026-03-09 11:10:32,960 - WARNING - Data fetch failed for 2022-09-16: object of type 'coroutine' has no len()
2026-03-09 11:10:32,960 - WARNING - Data fetch failed for 2022-09-19: object of type 'coroutine' has no len()
2026-03-09 11:10:32,960 - WARNING - Data fetch failed for 2022-09-20: object of type 'coroutine' has no len()
2026-03-09 11:10:32,960 - WARNING - Data fetch failed for 2022-09-21: object of type 'coroutine' has no len()
2026-03-09 11:10:32,960 - WARNING - Data fetch failed for 2022-09-22: object of type 'coroutine' has no len()
2026-03-09 11:10:32,960 - WARNING - Data fetch failed for 2022-09-23: object of type 'coroutine' has no len()
2026-03-09 11:10:32,960 - WARNING - Data fetch failed for 2022-09-26: object of type 'coroutine' has no len()
2026-03-09 11:10:32,960 - WARNING - Data fetch failed for 2022-09-27: object of type 'coroutine' has no len()
2026-03-09 11:10:32,960 - WARNING - Data fetch failed for 2022-09-28: object of type 'coroutine' has no len()
2026-03-09 11:10:32,960 - WARNING - Data fetch failed for 2022-09-29: object of type 'coroutine' has no len()
2026-03-09 11:10:32,960 - WARNING - Data fetch failed for 2022-09-30: object of type 'coroutine' has no len()
2026-03-09 11:10:32,960 - WARNING - Data fetch failed for 2022-10-03: object of type 'coroutine' has no len()
2026-03-09 11:10:32,960 - WARNING - Data fetch failed for 2022-10-04: object of type 'coroutine' has no len()
2026-03-09 11:10:32,960 - WARNING - Data fetch failed for 2022-10-05: object of type 'coroutine' has no len()
2026-03-09 11:10:32,960 - WARNING - Data fetch failed for 2022-10-06: object of type 'coroutine' has no len()
2026-03-09 11:10:32,960 - WARNING - Data fetch failed for 2022-10-07: object of type 'coroutine' has no len()
2026-03-09 11:10:32,960 - WARNING - Data fetch failed for 2022-10-10: object of type 'coroutine' has no len()
2026-03-09 11:10:32,960 - WARNING - Data fetch failed for 2022-10-11: object of type 'coroutine' has no len()
2026-03-09 11:10:32,960 - WARNING - Data fetch failed for 2022-10-12: object of type 'coroutine' has no len()
2026-03-09 11:10:32,960 - WARNING - Data fetch failed for 2022-10-13: object of type 'coroutine' has no len()
2026-03-09 11:10:32,960 - WARNING - Data fetch failed for 2022-10-14: object of type 'coroutine' has no len()
2026-03-09 11:10:32,960 - WARNING - Data fetch failed for 2022-10-17: object of type 'coroutine' has no len()
2026-03-09 11:10:32,960 - WARNING - Data fetch failed for 2022-10-18: object of type 'coroutine' has no len()
2026-03-09 11:10:32,960 - WARNING - Data fetch failed for 2022-10-19: object of type 'coroutine' has no len()
2026-03-09 11:10:32,960 - WARNING - Data fetch failed for 2022-10-20: object of type 'coroutine' has no len()
2026-03-09 11:10:32,960 - WARNING - Data fetch failed for 2022-10-21: object of type 'coroutine' has no len()
2026-03-09 11:10:32,960 - WARNING - Data fetch failed for 2022-10-24: object of type 'coroutine' has no len()
2026-03-09 11:10:32,960 - WARNING - Data fetch failed for 2022-10-25: object of type 'coroutine' has no len()
2026-03-09 11:10:32,960 - WARNING - Data fetch failed for 2022-10-26: object of type 'coroutine' has no len()
2026-03-09 11:10:32,960 - WARNING - Data fetch failed for 2022-10-27: object of type 'coroutine' has no len()
2026-03-09 11:10:32,960 - WARNING - Data fetch failed for 2022-10-28: object of type 'coroutine' has no len()
2026-03-09 11:10:32,960 - WARNING - Data fetch failed for 2022-10-31: object of type 'coroutine' has no len()
2026-03-09 11:10:32,960 - WARNING - Data fetch failed for 2022-11-01: object of type 'coroutine' has no len()
2026-03-09 11:10:32,960 - WARNING - Data fetch failed for 2022-11-02: object of type 'coroutine' has no len()
2026-03-09 11:10:32,960 - WARNING - Data fetch failed for 2022-11-03: object of type 'coroutine' has no len()
2026-03-09 11:10:32,960 - WARNING - Data fetch failed for 2022-11-04: object of type 'coroutine' has no len()
2026-03-09 11:10:32,960 - WARNING - Data fetch failed for 2022-11-07: object of type 'coroutine' has no len()
2026-03-09 11:10:32,960 - WARNING - Data fetch failed for 2022-11-08: object of type 'coroutine' has no len()
2026-03-09 11:10:32,960 - WARNING - Data fetch failed for 2022-11-09: object of type 'coroutine' has no len()
2026-03-09 11:10:32,960 - WARNING - Data fetch failed for 2022-11-10: object of type 'coroutine' has no len()
2026-03-09 11:10:32,960 - WARNING - Data fetch failed for 2022-11-11: object of type 'coroutine' has no len()
2026-03-09 11:10:32,960 - WARNING - Data fetch failed for 2022-11-14: object of type 'coroutine' has no len()
2026-03-09 11:10:32,960 - WARNING - Data fetch failed for 2022-11-15: object of type 'coroutine' has no len()
2026-03-09 11:10:32,960 - WARNING - Data fetch failed for 2022-11-16: object of type 'coroutine' has no len()
2026-03-09 11:10:32,960 - WARNING - Data fetch failed for 2022-11-17: object of type 'coroutine' has no len()
2026-03-09 11:10:32,960 - WARNING - Data fetch failed for 2022-11-18: object of type 'coroutine' has no len()
2026-03-09 11:10:32,960 - WARNING - Data fetch failed for 2022-11-21: object of type 'coroutine' has no len()
2026-03-09 11:10:32,960 - WARNING - Data fetch failed for 2022-11-22: object of type 'coroutine' has no len()
2026-03-09 11:10:32,960 - WARNING - Data fetch failed for 2022-11-23: object of type 'coroutine' has no len()
2026-03-09 11:10:32,960 - WARNING - Data fetch failed for 2022-11-25: object of type 'coroutine' has no len()
2026-03-09 11:10:32,960 - WARNING - Data fetch failed for 2022-11-28: object of type 'coroutine' has no len()
2026-03-09 11:10:32,960 - WARNING - Data fetch failed for 2022-11-29: object of type 'coroutine' has no len()
2026-03-09 11:10:32,961 - WARNING - Data fetch failed for 2022-11-30: object of type 'coroutine' has no len()
2026-03-09 11:10:32,961 - WARNING - Data fetch failed for 2022-12-01: object of type 'coroutine' has no len()
2026-03-09 11:10:32,961 - WARNING - Data fetch failed for 2022-12-02: object of type 'coroutine' has no len()
2026-03-09 11:10:32,961 - WARNING - Data fetch failed for 2022-12-05: object of type 'coroutine' has no len()
2026-03-09 11:10:32,961 - WARNING - Data fetch failed for 2022-12-06: object of type 'coroutine' has no len()
2026-03-09 11:10:32,961 - WARNING - Data fetch failed for 2022-12-07: object of type 'coroutine' has no len()
2026-03-09 11:10:32,961 - WARNING - Data fetch failed for 2022-12-08: object of type 'coroutine' has no len()
2026-03-09 11:10:32,961 - WARNING - Data fetch failed for 2022-12-09: object of type 'coroutine' has no len()
2026-03-09 11:10:32,961 - WARNING - Data fetch failed for 2022-12-12: object of type 'coroutine' has no len()
2026-03-09 11:10:32,961 - WARNING - Data fetch failed for 2022-12-13: object of type 'coroutine' has no len()
2026-03-09 11:10:32,961 - WARNING - Data fetch failed for 2022-12-14: object of type 'coroutine' has no len()
2026-03-09 11:10:32,961 - WARNING - Data fetch failed for 2022-12-15: object of type 'coroutine' has no len()
2026-03-09 11:10:32,961 - WARNING - Data fetch failed for 2022-12-16: object of type 'coroutine' has no len()
2026-03-09 11:10:32,961 - WARNING - Data fetch failed for 2022-12-19: object of type 'coroutine' has no len()
2026-03-09 11:10:32,961 - WARNING - Data fetch failed for 2022-12-20: object of type 'coroutine' has no len()
2026-03-09 11:10:32,961 - WARNING - Data fetch failed for 2022-12-21: object of type 'coroutine' has no len()
2026-03-09 11:10:32,961 - WARNING - Data fetch failed for 2022-12-22: object of type 'coroutine' has no len()
2026-03-09 11:10:32,961 - WARNING - Data fetch failed for 2022-12-23: object of type 'coroutine' has no len()
2026-03-09 11:10:32,961 - WARNING - Data fetch failed for 2022-12-27: object of type 'coroutine' has no len()
2026-03-09 11:10:32,961 - WARNING - Data fetch failed for 2022-12-28: object of type 'coroutine' has no len()
2026-03-09 11:10:32,961 - WARNING - Data fetch failed for 2022-12-29: object of type 'coroutine' has no len()
2026-03-09 11:10:32,961 - WARNING - Data fetch failed for 2022-12-30: object of type 'coroutine' has no len()
2026-03-09 11:10:32,961 - WARNING - Data fetch failed for 2023-01-03: object of type 'coroutine' has no len()
2026-03-09 11:10:32,961 - WARNING - Data fetch failed for 2023-01-04: object of type 'coroutine' has no len()
2026-03-09 11:10:32,961 - WARNING - Data fetch failed for 2023-01-05: object of type 'coroutine' has no len()
2026-03-09 11:10:32,961 - WARNING - Data fetch failed for 2023-01-06: object of type 'coroutine' has no len()
2026-03-09 11:10:32,961 - WARNING - Data fetch failed for 2023-01-09: object of type 'coroutine' has no len()
2026-03-09 11:10:32,961 - WARNING - Data fetch failed for 2023-01-10: object of type 'coroutine' has no len()
2026-03-09 11:10:32,961 - WARNING - Data fetch failed for 2023-01-11: object of type 'coroutine' has no len()
2026-03-09 11:10:32,961 - WARNING - Data fetch failed for 2023-01-12: object of type 'coroutine' has no len()
2026-03-09 11:10:32,961 - WARNING - Data fetch failed for 2023-01-13: object of type 'coroutine' has no len()
2026-03-09 11:10:32,961 - WARNING - Data fetch failed for 2023-01-17: object of type 'coroutine' has no len()
2026-03-09 11:10:32,961 - WARNING - Data fetch failed for 2023-01-18: object of type 'coroutine' has no len()
2026-03-09 11:10:32,961 - WARNING - Data fetch failed for 2023-01-19: object of type 'coroutine' has no len()
2026-03-09 11:10:32,961 - WARNING - Data fetch failed for 2023-01-20: object of type 'coroutine' has no len()
2026-03-09 11:10:32,961 - WARNING - Data fetch failed for 2023-01-23: object of type 'coroutine' has no len()
2026-03-09 11:10:32,961 - WARNING - Data fetch failed for 2023-01-24: object of type 'coroutine' has no len()
2026-03-09 11:10:32,961 - WARNING - Data fetch failed for 2023-01-25: object of type 'coroutine' has no len()
2026-03-09 11:10:32,961 - WARNING - Data fetch failed for 2023-01-26: object of type 'coroutine' has no len()
2026-03-09 11:10:32,961 - WARNING - Data fetch failed for 2023-01-27: object of type 'coroutine' has no len()
2026-03-09 11:10:32,961 - WARNING - Data fetch failed for 2023-01-30: object of type 'coroutine' has no len()
2026-03-09 11:10:32,961 - WARNING - Data fetch failed for 2023-01-31: object of type 'coroutine' has no len()
2026-03-09 11:10:32,961 - WARNING - Data fetch failed for 2023-02-01: object of type 'coroutine' has no len()
2026-03-09 11:10:32,961 - WARNING - Data fetch failed for 2023-02-02: object of type 'coroutine' has no len()
2026-03-09 11:10:32,961 - WARNING - Data fetch failed for 2023-02-03: object of type 'coroutine' has no len()
2026-03-09 11:10:32,961 - WARNING - Data fetch failed for 2023-02-06: object of type 'coroutine' has no len()
2026-03-09 11:10:32,961 - WARNING - Data fetch failed for 2023-02-07: object of type 'coroutine' has no len()
2026-03-09 11:10:32,961 - WARNING - Data fetch failed for 2023-02-08: object of type 'coroutine' has no len()
2026-03-09 11:10:32,961 - WARNING - Data fetch failed for 2023-02-09: object of type 'coroutine' has no len()
2026-03-09 11:10:32,961 - WARNING - Data fetch failed for 2023-02-10: object of type 'coroutine' has no len()
2026-03-09 11:10:32,961 - WARNING - Data fetch failed for 2023-02-13: object of type 'coroutine' has no len()
2026-03-09 11:10:32,961 - WARNING - Data fetch failed for 2023-02-14: object of type 'coroutine' has no len()
2026-03-09 11:10:32,961 - WARNING - Data fetch failed for 2023-02-15: object of type 'coroutine' has no len()
2026-03-09 11:10:32,961 - WARNING - Data fetch failed for 2023-02-16: object of type 'coroutine' has no len()
2026-03-09 11:10:32,961 - WARNING - Data fetch failed for 2023-02-17: object of type 'coroutine' has no len()
2026-03-09 11:10:32,961 - WARNING - Data fetch failed for 2023-02-21: object of type 'coroutine' has no len()
2026-03-09 11:10:32,961 - WARNING - Data fetch failed for 2023-02-22: object of type 'coroutine' has no len()
2026-03-09 11:10:32,961 - WARNING - Data fetch failed for 2023-02-23: object of type 'coroutine' has no len()
2026-03-09 11:10:32,961 - WARNING - Data fetch failed for 2023-02-24: object of type 'coroutine' has no len()
2026-03-09 11:10:32,961 - WARNING - Data fetch failed for 2023-02-27: object of type 'coroutine' has no len()
2026-03-09 11:10:32,961 - WARNING - Data fetch failed for 2023-02-28: object of type 'coroutine' has no len()
2026-03-09 11:10:32,961 - WARNING - Data fetch failed for 2023-03-01: object of type 'coroutine' has no len()
2026-03-09 11:10:32,961 - WARNING - Data fetch failed for 2023-03-02: object of type 'coroutine' has no len()
2026-03-09 11:10:32,961 - WARNING - Data fetch failed for 2023-03-03: object of type 'coroutine' has no len()
2026-03-09 11:10:32,961 - WARNING - Data fetch failed for 2023-03-06: object of type 'coroutine' has no len()
2026-03-09 11:10:32,961 - WARNING - Data fetch failed for 2023-03-07: object of type 'coroutine' has no len()
2026-03-09 11:10:32,961 - WARNING - Data fetch failed for 2023-03-08: object of type 'coroutine' has no len()
2026-03-09 11:10:32,961 - WARNING - Data fetch failed for 2023-03-09: object of type 'coroutine' has no len()
2026-03-09 11:10:32,961 - WARNING - Data fetch failed for 2023-03-10: object of type 'coroutine' has no len()
2026-03-09 11:10:32,961 - WARNING - Data fetch failed for 2023-03-13: object of type 'coroutine' has no len()
2026-03-09 11:10:32,961 - WARNING - Data fetch failed for 2023-03-14: object of type 'coroutine' has no len()
2026-03-09 11:10:32,961 - WARNING - Data fetch failed for 2023-03-15: object of type 'coroutine' has no len()
2026-03-09 11:10:32,961 - WARNING - Data fetch failed for 2023-03-16: object of type 'coroutine' has no len()
2026-03-09 11:10:32,961 - WARNING - Data fetch failed for 2023-03-17: object of type 'coroutine' has no len()
2026-03-09 11:10:32,961 - WARNING - Data fetch failed for 2023-03-20: object of type 'coroutine' has no len()
2026-03-09 11:10:32,961 - WARNING - Data fetch failed for 2023-03-21: object of type 'coroutine' has no len()
2026-03-09 11:10:32,961 - WARNING - Data fetch failed for 2023-03-22: object of type 'coroutine' has no len()
2026-03-09 11:10:32,961 - WARNING - Data fetch failed for 2023-03-23: object of type 'coroutine' has no len()
2026-03-09 11:10:32,962 - WARNING - Data fetch failed for 2023-03-24: object of type 'coroutine' has no len()
2026-03-09 11:10:32,962 - WARNING - Data fetch failed for 2023-03-27: object of type 'coroutine' has no len()
2026-03-09 11:10:32,962 - WARNING - Data fetch failed for 2023-03-28: object of type 'coroutine' has no len()
2026-03-09 11:10:32,962 - WARNING - Data fetch failed for 2023-03-29: object of type 'coroutine' has no len()
2026-03-09 11:10:32,962 - WARNING - Data fetch failed for 2023-03-30: object of type 'coroutine' has no len()
2026-03-09 11:10:32,962 - WARNING - Data fetch failed for 2023-03-31: object of type 'coroutine' has no len()
2026-03-09 11:10:32,962 - WARNING - Data fetch failed for 2023-04-03: object of type 'coroutine' has no len()
2026-03-09 11:10:32,962 - WARNING - Data fetch failed for 2023-04-04: object of type 'coroutine' has no len()
2026-03-09 11:10:32,962 - WARNING - Data fetch failed for 2023-04-05: object of type 'coroutine' has no len()
2026-03-09 11:10:32,962 - WARNING - Data fetch failed for 2023-04-06: object of type 'coroutine' has no len()
2026-03-09 11:10:32,962 - WARNING - Data fetch failed for 2023-04-10: object of type 'coroutine' has no len()
2026-03-09 11:10:32,962 - WARNING - Data fetch failed for 2023-04-11: object of type 'coroutine' has no len()
2026-03-09 11:10:32,962 - WARNING - Data fetch failed for 2023-04-12: object of type 'coroutine' has no len()
2026-03-09 11:10:32,962 - WARNING - Data fetch failed for 2023-04-13: object of type 'coroutine' has no len()
2026-03-09 11:10:32,962 - WARNING - Data fetch failed for 2023-04-14: object of type 'coroutine' has no len()
2026-03-09 11:10:32,962 - WARNING - Data fetch failed for 2023-04-17: object of type 'coroutine' has no len()
2026-03-09 11:10:32,962 - WARNING - Data fetch failed for 2023-04-18: object of type 'coroutine' has no len()
2026-03-09 11:10:32,962 - WARNING - Data fetch failed for 2023-04-19: object of type 'coroutine' has no len()
2026-03-09 11:10:32,962 - WARNING - Data fetch failed for 2023-04-20: object of type 'coroutine' has no len()
2026-03-09 11:10:32,962 - WARNING - Data fetch failed for 2023-04-21: object of type 'coroutine' has no len()
2026-03-09 11:10:32,962 - WARNING - Data fetch failed for 2023-04-24: object of type 'coroutine' has no len()
2026-03-09 11:10:32,962 - WARNING - Data fetch failed for 2023-04-25: object of type 'coroutine' has no len()
2026-03-09 11:10:32,962 - WARNING - Data fetch failed for 2023-04-26: object of type 'coroutine' has no len()
2026-03-09 11:10:32,962 - WARNING - Data fetch failed for 2023-04-27: object of type 'coroutine' has no len()
2026-03-09 11:10:32,962 - WARNING - Data fetch failed for 2023-04-28: object of type 'coroutine' has no len()
2026-03-09 11:10:32,962 - WARNING - Data fetch failed for 2023-05-01: object of type 'coroutine' has no len()
2026-03-09 11:10:32,962 - WARNING - Data fetch failed for 2023-05-02: object of type 'coroutine' has no len()
2026-03-09 11:10:32,962 - WARNING - Data fetch failed for 2023-05-03: object of type 'coroutine' has no len()
2026-03-09 11:10:32,962 - WARNING - Data fetch failed for 2023-05-04: object of type 'coroutine' has no len()
2026-03-09 11:10:32,962 - WARNING - Data fetch failed for 2023-05-05: object of type 'coroutine' has no len()
2026-03-09 11:10:32,962 - WARNING - Data fetch failed for 2023-05-08: object of type 'coroutine' has no len()
2026-03-09 11:10:32,962 - WARNING - Data fetch failed for 2023-05-09: object of type 'coroutine' has no len()
2026-03-09 11:10:32,962 - WARNING - Data fetch failed for 2023-05-10: object of type 'coroutine' has no len()
2026-03-09 11:10:32,962 - WARNING - Data fetch failed for 2023-05-11: object of type 'coroutine' has no len()
2026-03-09 11:10:32,962 - WARNING - Data fetch failed for 2023-05-12: object of type 'coroutine' has no len()
2026-03-09 11:10:32,962 - WARNING - Data fetch failed for 2023-05-15: object of type 'coroutine' has no len()
2026-03-09 11:10:32,962 - WARNING - Data fetch failed for 2023-05-16: object of type 'coroutine' has no len()
2026-03-09 11:10:32,962 - WARNING - Data fetch failed for 2023-05-17: object of type 'coroutine' has no len()
2026-03-09 11:10:32,962 - WARNING - Data fetch failed for 2023-05-18: object of type 'coroutine' has no len()
2026-03-09 11:10:32,962 - WARNING - Data fetch failed for 2023-05-19: object of type 'coroutine' has no len()
2026-03-09 11:10:32,962 - WARNING - Data fetch failed for 2023-05-22: object of type 'coroutine' has no len()
2026-03-09 11:10:32,962 - WARNING - Data fetch failed for 2023-05-23: object of type 'coroutine' has no len()
2026-03-09 11:10:32,962 - WARNING - Data fetch failed for 2023-05-24: object of type 'coroutine' has no len()
2026-03-09 11:10:32,962 - WARNING - Data fetch failed for 2023-05-25: object of type 'coroutine' has no len()
2026-03-09 11:10:32,962 - WARNING - Data fetch failed for 2023-05-26: object of type 'coroutine' has no len()
2026-03-09 11:10:32,962 - WARNING - Data fetch failed for 2023-05-30: object of type 'coroutine' has no len()
2026-03-09 11:10:32,962 - WARNING - Data fetch failed for 2023-05-31: object of type 'coroutine' has no len()
2026-03-09 11:10:32,962 - WARNING - Data fetch failed for 2023-06-01: object of type 'coroutine' has no len()
2026-03-09 11:10:32,962 - WARNING - Data fetch failed for 2023-06-02: object of type 'coroutine' has no len()
2026-03-09 11:10:32,962 - WARNING - Data fetch failed for 2023-06-05: object of type 'coroutine' has no len()
2026-03-09 11:10:32,962 - WARNING - Data fetch failed for 2023-06-06: object of type 'coroutine' has no len()
2026-03-09 11:10:32,962 - WARNING - Data fetch failed for 2023-06-07: object of type 'coroutine' has no len()
2026-03-09 11:10:32,962 - WARNING - Data fetch failed for 2023-06-08: object of type 'coroutine' has no len()
2026-03-09 11:10:32,962 - WARNING - Data fetch failed for 2023-06-09: object of type 'coroutine' has no len()
2026-03-09 11:10:32,962 - WARNING - Data fetch failed for 2023-06-12: object of type 'coroutine' has no len()
2026-03-09 11:10:32,962 - WARNING - Data fetch failed for 2023-06-13: object of type 'coroutine' has no len()
2026-03-09 11:10:32,962 - WARNING - Data fetch failed for 2023-06-14: object of type 'coroutine' has no len()
2026-03-09 11:10:32,962 - WARNING - Data fetch failed for 2023-06-15: object of type 'coroutine' has no len()
2026-03-09 11:10:32,962 - WARNING - Data fetch failed for 2023-06-16: object of type 'coroutine' has no len()
2026-03-09 11:10:32,962 - WARNING - Data fetch failed for 2023-06-20: object of type 'coroutine' has no len()
2026-03-09 11:10:32,962 - WARNING - Data fetch failed for 2023-06-21: object of type 'coroutine' has no len()
2026-03-09 11:10:32,962 - WARNING - Data fetch failed for 2023-06-22: object of type 'coroutine' has no len()
2026-03-09 11:10:32,962 - WARNING - Data fetch failed for 2023-06-23: object of type 'coroutine' has no len()
2026-03-09 11:10:32,962 - WARNING - Data fetch failed for 2023-06-26: object of type 'coroutine' has no len()
2026-03-09 11:10:32,962 - WARNING - Data fetch failed for 2023-06-27: object of type 'coroutine' has no len()
2026-03-09 11:10:32,962 - WARNING - Data fetch failed for 2023-06-28: object of type 'coroutine' has no len()
2026-03-09 11:10:32,963 - WARNING - Data fetch failed for 2023-06-29: object of type 'coroutine' has no len()
2026-03-09 11:10:32,963 - WARNING - Data fetch failed for 2023-06-30: object of type 'coroutine' has no len()
2026-03-09 11:10:32,963 - WARNING - Data fetch failed for 2023-07-03: object of type 'coroutine' has no len()
2026-03-09 11:10:32,963 - WARNING - Data fetch failed for 2023-07-05: object of type 'coroutine' has no len()
2026-03-09 11:10:32,963 - WARNING - Data fetch failed for 2023-07-06: object of type 'coroutine' has no len()
2026-03-09 11:10:32,963 - WARNING - Data fetch failed for 2023-07-07: object of type 'coroutine' has no len()
2026-03-09 11:10:32,963 - WARNING - Data fetch failed for 2023-07-10: object of type 'coroutine' has no len()
2026-03-09 11:10:32,963 - WARNING - Data fetch failed for 2023-07-11: object of type 'coroutine' has no len()
2026-03-09 11:10:32,963 - WARNING - Data fetch failed for 2023-07-12: object of type 'coroutine' has no len()
2026-03-09 11:10:32,963 - WARNING - Data fetch failed for 2023-07-13: object of type 'coroutine' has no len()
2026-03-09 11:10:32,963 - WARNING - Data fetch failed for 2023-07-14: object of type 'coroutine' has no len()
2026-03-09 11:10:32,963 - WARNING - Data fetch failed for 2023-07-17: object of type 'coroutine' has no len()
2026-03-09 11:10:32,963 - WARNING - Data fetch failed for 2023-07-18: object of type 'coroutine' has no len()
2026-03-09 11:10:32,963 - WARNING - Data fetch failed for 2023-07-19: object of type 'coroutine' has no len()
2026-03-09 11:10:32,963 - WARNING - Data fetch failed for 2023-07-20: object of type 'coroutine' has no len()
2026-03-09 11:10:32,963 - WARNING - Data fetch failed for 2023-07-21: object of type 'coroutine' has no len()
2026-03-09 11:10:32,963 - WARNING - Data fetch failed for 2023-07-24: object of type 'coroutine' has no len()
2026-03-09 11:10:32,963 - WARNING - Data fetch failed for 2023-07-25: object of type 'coroutine' has no len()
2026-03-09 11:10:32,963 - WARNING - Data fetch failed for 2023-07-26: object of type 'coroutine' has no len()
2026-03-09 11:10:32,963 - WARNING - Data fetch failed for 2023-07-27: object of type 'coroutine' has no len()
2026-03-09 11:10:32,963 - WARNING - Data fetch failed for 2023-07-28: object of type 'coroutine' has no len()
2026-03-09 11:10:32,963 - WARNING - Data fetch failed for 2023-07-31: object of type 'coroutine' has no len()
2026-03-09 11:10:32,963 - WARNING - Data fetch failed for 2023-08-01: object of type 'coroutine' has no len()
2026-03-09 11:10:32,963 - WARNING - Data fetch failed for 2023-08-02: object of type 'coroutine' has no len()
2026-03-09 11:10:32,963 - WARNING - Data fetch failed for 2023-08-03: object of type 'coroutine' has no len()
2026-03-09 11:10:32,963 - WARNING - Data fetch failed for 2023-08-04: object of type 'coroutine' has no len()
2026-03-09 11:10:32,963 - WARNING - Data fetch failed for 2023-08-07: object of type 'coroutine' has no len()
2026-03-09 11:10:32,963 - WARNING - Data fetch failed for 2023-08-08: object of type 'coroutine' has no len()
2026-03-09 11:10:32,963 - WARNING - Data fetch failed for 2023-08-09: object of type 'coroutine' has no len()
2026-03-09 11:10:32,963 - WARNING - Data fetch failed for 2023-08-10: object of type 'coroutine' has no len()
2026-03-09 11:10:32,963 - WARNING - Data fetch failed for 2023-08-11: object of type 'coroutine' has no len()
2026-03-09 11:10:32,963 - WARNING - Data fetch failed for 2023-08-14: object of type 'coroutine' has no len()
2026-03-09 11:10:32,963 - WARNING - Data fetch failed for 2023-08-15: object of type 'coroutine' has no len()
2026-03-09 11:10:32,963 - WARNING - Data fetch failed for 2023-08-16: object of type 'coroutine' has no len()
2026-03-09 11:10:32,963 - WARNING - Data fetch failed for 2023-08-17: object of type 'coroutine' has no len()
2026-03-09 11:10:32,963 - WARNING - Data fetch failed for 2023-08-18: object of type 'coroutine' has no len()
2026-03-09 11:10:32,963 - WARNING - Data fetch failed for 2023-08-21: object of type 'coroutine' has no len()
2026-03-09 11:10:32,963 - WARNING - Data fetch failed for 2023-08-22: object of type 'coroutine' has no len()
2026-03-09 11:10:32,963 - WARNING - Data fetch failed for 2023-08-23: object of type 'coroutine' has no len()
2026-03-09 11:10:32,963 - WARNING - Data fetch failed for 2023-08-24: object of type 'coroutine' has no len()
2026-03-09 11:10:32,963 - WARNING - Data fetch failed for 2023-08-25: object of type 'coroutine' has no len()
2026-03-09 11:10:32,963 - WARNING - Data fetch failed for 2023-08-28: object of type 'coroutine' has no len()
2026-03-09 11:10:32,963 - WARNING - Data fetch failed for 2023-08-29: object of type 'coroutine' has no len()
2026-03-09 11:10:32,963 - WARNING - Data fetch failed for 2023-08-30: object of type 'coroutine' has no len()
2026-03-09 11:10:32,963 - WARNING - Data fetch failed for 2023-08-31: object of type 'coroutine' has no len()
2026-03-09 11:10:32,963 - WARNING - Data fetch failed for 2023-09-01: object of type 'coroutine' has no len()
2026-03-09 11:10:32,963 - WARNING - Data fetch failed for 2023-09-05: object of type 'coroutine' has no len()
2026-03-09 11:10:32,963 - WARNING - Data fetch failed for 2023-09-06: object of type 'coroutine' has no len()
2026-03-09 11:10:32,963 - WARNING - Data fetch failed for 2023-09-07: object of type 'coroutine' has no len()
2026-03-09 11:10:32,963 - WARNING - Data fetch failed for 2023-09-08: object of type 'coroutine' has no len()
2026-03-09 11:10:32,963 - WARNING - Data fetch failed for 2023-09-11: object of type 'coroutine' has no len()
2026-03-09 11:10:32,963 - WARNING - Data fetch failed for 2023-09-12: object of type 'coroutine' has no len()
2026-03-09 11:10:32,963 - WARNING - Data fetch failed for 2023-09-13: object of type 'coroutine' has no len()
2026-03-09 11:10:32,963 - WARNING - Data fetch failed for 2023-09-14: object of type 'coroutine' has no len()
2026-03-09 11:10:32,963 - WARNING - Data fetch failed for 2023-09-15: object of type 'coroutine' has no len()
2026-03-09 11:10:32,963 - WARNING - Data fetch failed for 2023-09-18: object of type 'coroutine' has no len()
2026-03-09 11:10:32,963 - WARNING - Data fetch failed for 2023-09-19: object of type 'coroutine' has no len()
2026-03-09 11:10:32,963 - WARNING - Data fetch failed for 2023-09-20: object of type 'coroutine' has no len()
2026-03-09 11:10:32,963 - WARNING - Data fetch failed for 2023-09-21: object of type 'coroutine' has no len()
2026-03-09 11:10:32,963 - WARNING - Data fetch failed for 2023-09-22: object of type 'coroutine' has no len()
2026-03-09 11:10:32,963 - WARNING - Data fetch failed for 2023-09-25: object of type 'coroutine' has no len()
2026-03-09 11:10:32,963 - WARNING - Data fetch failed for 2023-09-26: object of type 'coroutine' has no len()
2026-03-09 11:10:32,963 - WARNING - Data fetch failed for 2023-09-27: object of type 'coroutine' has no len()
2026-03-09 11:10:32,963 - WARNING - Data fetch failed for 2023-09-28: object of type 'coroutine' has no len()
2026-03-09 11:10:32,963 - WARNING - Data fetch failed for 2023-09-29: object of type 'coroutine' has no len()
2026-03-09 11:10:32,963 - WARNING - Data fetch failed for 2023-10-02: object of type 'coroutine' has no len()
2026-03-09 11:10:32,963 - WARNING - Data fetch failed for 2023-10-03: object of type 'coroutine' has no len()
2026-03-09 11:10:32,963 - WARNING - Data fetch failed for 2023-10-04: object of type 'coroutine' has no len()
2026-03-09 11:10:32,963 - WARNING - Data fetch failed for 2023-10-05: object of type 'coroutine' has no len()
2026-03-09 11:10:32,963 - WARNING - Data fetch failed for 2023-10-06: object of type 'coroutine' has no len()
2026-03-09 11:10:32,963 - WARNING - Data fetch failed for 2023-10-09: object of type 'coroutine' has no len()
2026-03-09 11:10:32,963 - WARNING - Data fetch failed for 2023-10-10: object of type 'coroutine' has no len()
2026-03-09 11:10:32,963 - WARNING - Data fetch failed for 2023-10-11: object of type 'coroutine' has no len()
2026-03-09 11:10:32,963 - WARNING - Data fetch failed for 2023-10-12: object of type 'coroutine' has no len()
2026-03-09 11:10:32,963 - WARNING - Data fetch failed for 2023-10-13: object of type 'coroutine' has no len()
2026-03-09 11:10:32,963 - WARNING - Data fetch failed for 2023-10-16: object of type 'coroutine' has no len()
2026-03-09 11:10:32,963 - WARNING - Data fetch failed for 2023-10-17: object of type 'coroutine' has no len()
2026-03-09 11:10:32,963 - WARNING - Data fetch failed for 2023-10-18: object of type 'coroutine' has no len()
2026-03-09 11:10:32,963 - WARNING - Data fetch failed for 2023-10-19: object of type 'coroutine' has no len()
2026-03-09 11:10:32,963 - WARNING - Data fetch failed for 2023-10-20: object of type 'coroutine' has no len()
2026-03-09 11:10:32,963 - WARNING - Data fetch failed for 2023-10-23: object of type 'coroutine' has no len()
2026-03-09 11:10:32,963 - WARNING - Data fetch failed for 2023-10-24: object of type 'coroutine' has no len()
2026-03-09 11:10:32,963 - WARNING - Data fetch failed for 2023-10-25: object of type 'coroutine' has no len()
2026-03-09 11:10:32,963 - WARNING - Data fetch failed for 2023-10-26: object of type 'coroutine' has no len()
2026-03-09 11:10:32,963 - WARNING - Data fetch failed for 2023-10-27: object of type 'coroutine' has no len()
2026-03-09 11:10:32,963 - WARNING - Data fetch failed for 2023-10-30: object of type 'coroutine' has no len()
2026-03-09 11:10:32,964 - WARNING - Data fetch failed for 2023-10-31: object of type 'coroutine' has no len()
2026-03-09 11:10:32,964 - WARNING - Data fetch failed for 2023-11-01: object of type 'coroutine' has no len()
2026-03-09 11:10:32,964 - WARNING - Data fetch failed for 2023-11-02: object of type 'coroutine' has no len()
2026-03-09 11:10:32,964 - WARNING - Data fetch failed for 2023-11-03: object of type 'coroutine' has no len()
2026-03-09 11:10:32,964 - WARNING - Data fetch failed for 2023-11-06: object of type 'coroutine' has no len()
2026-03-09 11:10:32,964 - WARNING - Data fetch failed for 2023-11-07: object of type 'coroutine' has no len()
2026-03-09 11:10:32,964 - WARNING - Data fetch failed for 2023-11-08: object of type 'coroutine' has no len()
2026-03-09 11:10:32,964 - WARNING - Data fetch failed for 2023-11-09: object of type 'coroutine' has no len()
2026-03-09 11:10:32,964 - WARNING - Data fetch failed for 2023-11-10: object of type 'coroutine' has no len()
2026-03-09 11:10:32,964 - WARNING - Data fetch failed for 2023-11-13: object of type 'coroutine' has no len()
2026-03-09 11:10:32,964 - WARNING - Data fetch failed for 2023-11-14: object of type 'coroutine' has no len()
2026-03-09 11:10:32,964 - WARNING - Data fetch failed for 2023-11-15: object of type 'coroutine' has no len()
2026-03-09 11:10:32,964 - WARNING - Data fetch failed for 2023-11-16: object of type 'coroutine' has no len()
2026-03-09 11:10:32,964 - WARNING - Data fetch failed for 2023-11-17: object of type 'coroutine' has no len()
2026-03-09 11:10:32,964 - WARNING - Data fetch failed for 2023-11-20: object of type 'coroutine' has no len()
2026-03-09 11:10:32,964 - WARNING - Data fetch failed for 2023-11-21: object of type 'coroutine' has no len()
2026-03-09 11:10:32,964 - WARNING - Data fetch failed for 2023-11-22: object of type 'coroutine' has no len()
2026-03-09 11:10:32,964 - WARNING - Data fetch failed for 2023-11-24: object of type 'coroutine' has no len()
2026-03-09 11:10:32,964 - WARNING - Data fetch failed for 2023-11-27: object of type 'coroutine' has no len()
2026-03-09 11:10:32,964 - WARNING - Data fetch failed for 2023-11-28: object of type 'coroutine' has no len()
2026-03-09 11:10:32,964 - WARNING - Data fetch failed for 2023-11-29: object of type 'coroutine' has no len()
2026-03-09 11:10:32,964 - WARNING - Data fetch failed for 2023-11-30: object of type 'coroutine' has no len()
2026-03-09 11:10:32,964 - WARNING - Data fetch failed for 2023-12-01: object of type 'coroutine' has no len()
2026-03-09 11:10:32,964 - WARNING - Data fetch failed for 2023-12-04: object of type 'coroutine' has no len()
2026-03-09 11:10:32,964 - WARNING - Data fetch failed for 2023-12-05: object of type 'coroutine' has no len()
2026-03-09 11:10:32,964 - WARNING - Data fetch failed for 2023-12-06: object of type 'coroutine' has no len()
2026-03-09 11:10:32,964 - WARNING - Data fetch failed for 2023-12-07: object of type 'coroutine' has no len()
2026-03-09 11:10:32,964 - WARNING - Data fetch failed for 2023-12-08: object of type 'coroutine' has no len()
2026-03-09 11:10:32,964 - WARNING - Data fetch failed for 2023-12-11: object of type 'coroutine' has no len()
2026-03-09 11:10:32,964 - WARNING - Data fetch failed for 2023-12-12: object of type 'coroutine' has no len()
2026-03-09 11:10:32,964 - WARNING - Data fetch failed for 2023-12-13: object of type 'coroutine' has no len()
2026-03-09 11:10:32,964 - WARNING - Data fetch failed for 2023-12-14: object of type 'coroutine' has no len()
2026-03-09 11:10:32,964 - WARNING - Data fetch failed for 2023-12-15: object of type 'coroutine' has no len()
2026-03-09 11:10:32,964 - WARNING - Data fetch failed for 2023-12-18: object of type 'coroutine' has no len()
2026-03-09 11:10:32,964 - WARNING - Data fetch failed for 2023-12-19: object of type 'coroutine' has no len()
2026-03-09 11:10:32,964 - WARNING - Data fetch failed for 2023-12-20: object of type 'coroutine' has no len()
2026-03-09 11:10:32,964 - WARNING - Data fetch failed for 2023-12-21: object of type 'coroutine' has no len()
2026-03-09 11:10:32,964 - WARNING - Data fetch failed for 2023-12-22: object of type 'coroutine' has no len()
2026-03-09 11:10:32,964 - WARNING - Data fetch failed for 2023-12-26: object of type 'coroutine' has no len()
2026-03-09 11:10:32,964 - WARNING - Data fetch failed for 2023-12-27: object of type 'coroutine' has no len()
2026-03-09 11:10:32,964 - WARNING - Data fetch failed for 2023-12-28: object of type 'coroutine' has no len()
2026-03-09 11:10:32,964 - WARNING - Data fetch failed for 2023-12-29: object of type 'coroutine' has no len()
2026-03-09 11:10:32,964 - WARNING - Data fetch failed for 2024-01-02: object of type 'coroutine' has no len()
2026-03-09 11:10:32,964 - WARNING - Data fetch failed for 2024-01-03: object of type 'coroutine' has no len()
2026-03-09 11:10:32,964 - WARNING - Data fetch failed for 2024-01-04: object of type 'coroutine' has no len()
2026-03-09 11:10:32,964 - WARNING - Data fetch failed for 2024-01-05: object of type 'coroutine' has no len()
2026-03-09 11:10:32,964 - WARNING - Data fetch failed for 2024-01-08: object of type 'coroutine' has no len()
2026-03-09 11:10:32,964 - WARNING - Data fetch failed for 2024-01-09: object of type 'coroutine' has no len()
2026-03-09 11:10:32,964 - WARNING - Data fetch failed for 2024-01-10: object of type 'coroutine' has no len()
2026-03-09 11:10:32,964 - WARNING - Data fetch failed for 2024-01-11: object of type 'coroutine' has no len()
2026-03-09 11:10:32,964 - WARNING - Data fetch failed for 2024-01-12: object of type 'coroutine' has no len()
2026-03-09 11:10:32,964 - WARNING - Data fetch failed for 2024-01-16: object of type 'coroutine' has no len()
2026-03-09 11:10:32,964 - WARNING - Data fetch failed for 2024-01-17: object of type 'coroutine' has no len()
2026-03-09 11:10:32,964 - WARNING - Data fetch failed for 2024-01-18: object of type 'coroutine' has no len()
2026-03-09 11:10:32,964 - WARNING - Data fetch failed for 2024-01-19: object of type 'coroutine' has no len()
2026-03-09 11:10:32,964 - WARNING - Data fetch failed for 2024-01-22: object of type 'coroutine' has no len()
2026-03-09 11:10:32,964 - WARNING - Data fetch failed for 2024-01-23: object of type 'coroutine' has no len()
2026-03-09 11:10:32,964 - WARNING - Data fetch failed for 2024-01-24: object of type 'coroutine' has no len()
2026-03-09 11:10:32,964 - WARNING - Data fetch failed for 2024-01-25: object of type 'coroutine' has no len()
2026-03-09 11:10:32,964 - WARNING - Data fetch failed for 2024-01-26: object of type 'coroutine' has no len()
2026-03-09 11:10:32,964 - WARNING - Data fetch failed for 2024-01-29: object of type 'coroutine' has no len()
2026-03-09 11:10:32,964 - WARNING - Data fetch failed for 2024-01-30: object of type 'coroutine' has no len()
2026-03-09 11:10:32,964 - WARNING - Data fetch failed for 2024-01-31: object of type 'coroutine' has no len()
2026-03-09 11:10:32,964 - WARNING - Data fetch failed for 2024-02-01: object of type 'coroutine' has no len()
2026-03-09 11:10:32,964 - WARNING - Data fetch failed for 2024-02-02: object of type 'coroutine' has no len()
2026-03-09 11:10:32,964 - WARNING - Data fetch failed for 2024-02-05: object of type 'coroutine' has no len()
2026-03-09 11:10:32,964 - WARNING - Data fetch failed for 2024-02-06: object of type 'coroutine' has no len()
2026-03-09 11:10:32,964 - WARNING - Data fetch failed for 2024-02-07: object of type 'coroutine' has no len()
2026-03-09 11:10:32,964 - WARNING - Data fetch failed for 2024-02-08: object of type 'coroutine' has no len()
2026-03-09 11:10:32,964 - WARNING - Data fetch failed for 2024-02-09: object of type 'coroutine' has no len()
2026-03-09 11:10:32,964 - WARNING - Data fetch failed for 2024-02-12: object of type 'coroutine' has no len()
2026-03-09 11:10:32,964 - WARNING - Data fetch failed for 2024-02-13: object of type 'coroutine' has no len()
2026-03-09 11:10:32,964 - WARNING - Data fetch failed for 2024-02-14: object of type 'coroutine' has no len()
2026-03-09 11:10:32,964 - WARNING - Data fetch failed for 2024-02-15: object of type 'coroutine' has no len()
2026-03-09 11:10:32,964 - WARNING - Data fetch failed for 2024-02-16: object of type 'coroutine' has no len()
2026-03-09 11:10:32,965 - WARNING - Data fetch failed for 2024-02-20: object of type 'coroutine' has no len()
2026-03-09 11:10:32,965 - WARNING - Data fetch failed for 2024-02-21: object of type 'coroutine' has no len()
2026-03-09 11:10:32,965 - WARNING - Data fetch failed for 2024-02-22: object of type 'coroutine' has no len()
2026-03-09 11:10:32,965 - WARNING - Data fetch failed for 2024-02-23: object of type 'coroutine' has no len()
2026-03-09 11:10:32,965 - WARNING - Data fetch failed for 2024-02-26: object of type 'coroutine' has no len()
2026-03-09 11:10:32,965 - WARNING - Data fetch failed for 2024-02-27: object of type 'coroutine' has no len()
2026-03-09 11:10:32,965 - WARNING - Data fetch failed for 2024-02-28: object of type 'coroutine' has no len()
2026-03-09 11:10:32,965 - WARNING - Data fetch failed for 2024-02-29: object of type 'coroutine' has no len()
2026-03-09 11:10:32,965 - WARNING - Data fetch failed for 2024-03-01: object of type 'coroutine' has no len()
2026-03-09 11:10:32,965 - WARNING - Data fetch failed for 2024-03-04: object of type 'coroutine' has no len()
2026-03-09 11:10:32,965 - WARNING - Data fetch failed for 2024-03-05: object of type 'coroutine' has no len()
2026-03-09 11:10:32,965 - WARNING - Data fetch failed for 2024-03-06: object of type 'coroutine' has no len()
2026-03-09 11:10:32,965 - WARNING - Data fetch failed for 2024-03-07: object of type 'coroutine' has no len()
2026-03-09 11:10:32,965 - WARNING - Data fetch failed for 2024-03-08: object of type 'coroutine' has no len()
2026-03-09 11:10:32,965 - WARNING - Data fetch failed for 2024-03-11: object of type 'coroutine' has no len()
2026-03-09 11:10:32,965 - WARNING - Data fetch failed for 2024-03-12: object of type 'coroutine' has no len()
2026-03-09 11:10:32,965 - WARNING - Data fetch failed for 2024-03-13: object of type 'coroutine' has no len()
2026-03-09 11:10:32,965 - WARNING - Data fetch failed for 2024-03-14: object of type 'coroutine' has no len()
2026-03-09 11:10:32,965 - WARNING - Data fetch failed for 2024-03-15: object of type 'coroutine' has no len()
2026-03-09 11:10:32,965 - WARNING - Data fetch failed for 2024-03-18: object of type 'coroutine' has no len()
2026-03-09 11:10:32,965 - WARNING - Data fetch failed for 2024-03-19: object of type 'coroutine' has no len()
2026-03-09 11:10:32,965 - WARNING - Data fetch failed for 2024-03-20: object of type 'coroutine' has no len()
2026-03-09 11:10:32,965 - WARNING - Data fetch failed for 2024-03-21: object of type 'coroutine' has no len()
2026-03-09 11:10:32,965 - WARNING - Data fetch failed for 2024-03-22: object of type 'coroutine' has no len()
2026-03-09 11:10:32,965 - WARNING - Data fetch failed for 2024-03-25: object of type 'coroutine' has no len()
2026-03-09 11:10:32,965 - WARNING - Data fetch failed for 2024-03-26: object of type 'coroutine' has no len()
2026-03-09 11:10:32,965 - WARNING - Data fetch failed for 2024-03-27: object of type 'coroutine' has no len()
2026-03-09 11:10:32,965 - WARNING - Data fetch failed for 2024-03-28: object of type 'coroutine' has no len()
2026-03-09 11:10:32,965 - WARNING - Data fetch failed for 2024-04-01: object of type 'coroutine' has no len()
2026-03-09 11:10:32,965 - WARNING - Data fetch failed for 2024-04-02: object of type 'coroutine' has no len()
2026-03-09 11:10:32,965 - WARNING - Data fetch failed for 2024-04-03: object of type 'coroutine' has no len()
2026-03-09 11:10:32,965 - WARNING - Data fetch failed for 2024-04-04: object of type 'coroutine' has no len()
2026-03-09 11:10:32,965 - WARNING - Data fetch failed for 2024-04-05: object of type 'coroutine' has no len()
2026-03-09 11:10:32,965 - WARNING - Data fetch failed for 2024-04-08: object of type 'coroutine' has no len()
2026-03-09 11:10:32,965 - WARNING - Data fetch failed for 2024-04-09: object of type 'coroutine' has no len()
2026-03-09 11:10:32,965 - WARNING - Data fetch failed for 2024-04-10: object of type 'coroutine' has no len()
2026-03-09 11:10:32,965 - WARNING - Data fetch failed for 2024-04-11: object of type 'coroutine' has no len()
2026-03-09 11:10:32,965 - WARNING - Data fetch failed for 2024-04-12: object of type 'coroutine' has no len()
2026-03-09 11:10:32,965 - WARNING - Data fetch failed for 2024-04-15: object of type 'coroutine' has no len()
2026-03-09 11:10:32,965 - WARNING - Data fetch failed for 2024-04-16: object of type 'coroutine' has no len()
2026-03-09 11:10:32,965 - WARNING - Data fetch failed for 2024-04-17: object of type 'coroutine' has no len()
2026-03-09 11:10:32,965 - WARNING - Data fetch failed for 2024-04-18: object of type 'coroutine' has no len()
2026-03-09 11:10:32,965 - WARNING - Data fetch failed for 2024-04-19: object of type 'coroutine' has no len()
2026-03-09 11:10:32,965 - WARNING - Data fetch failed for 2024-04-22: object of type 'coroutine' has no len()
2026-03-09 11:10:32,965 - WARNING - Data fetch failed for 2024-04-23: object of type 'coroutine' has no len()
2026-03-09 11:10:32,965 - WARNING - Data fetch failed for 2024-04-24: object of type 'coroutine' has no len()
2026-03-09 11:10:32,965 - WARNING - Data fetch failed for 2024-04-25: object of type 'coroutine' has no len()
2026-03-09 11:10:32,965 - WARNING - Data fetch failed for 2024-04-26: object of type 'coroutine' has no len()
2026-03-09 11:10:32,965 - WARNING - Data fetch failed for 2024-04-29: object of type 'coroutine' has no len()
2026-03-09 11:10:32,965 - WARNING - Data fetch failed for 2024-04-30: object of type 'coroutine' has no len()
2026-03-09 11:10:32,965 - WARNING - Data fetch failed for 2024-05-01: object of type 'coroutine' has no len()
2026-03-09 11:10:32,965 - WARNING - Data fetch failed for 2024-05-02: object of type 'coroutine' has no len()
2026-03-09 11:10:32,965 - WARNING - Data fetch failed for 2024-05-03: object of type 'coroutine' has no len()
2026-03-09 11:10:32,965 - WARNING - Data fetch failed for 2024-05-06: object of type 'coroutine' has no len()
2026-03-09 11:10:32,965 - WARNING - Data fetch failed for 2024-05-07: object of type 'coroutine' has no len()
2026-03-09 11:10:32,965 - WARNING - Data fetch failed for 2024-05-08: object of type 'coroutine' has no len()
2026-03-09 11:10:32,965 - WARNING - Data fetch failed for 2024-05-09: object of type 'coroutine' has no len()
2026-03-09 11:10:32,965 - WARNING - Data fetch failed for 2024-05-10: object of type 'coroutine' has no len()
2026-03-09 11:10:32,965 - WARNING - Data fetch failed for 2024-05-13: object of type 'coroutine' has no len()
2026-03-09 11:10:32,965 - WARNING - Data fetch failed for 2024-05-14: object of type 'coroutine' has no len()
2026-03-09 11:10:32,965 - WARNING - Data fetch failed for 2024-05-15: object of type 'coroutine' has no len()
2026-03-09 11:10:32,965 - WARNING - Data fetch failed for 2024-05-16: object of type 'coroutine' has no len()
2026-03-09 11:10:32,965 - WARNING - Data fetch failed for 2024-05-17: object of type 'coroutine' has no len()
2026-03-09 11:10:32,965 - WARNING - Data fetch failed for 2024-05-20: object of type 'coroutine' has no len()
2026-03-09 11:10:32,965 - WARNING - Data fetch failed for 2024-05-21: object of type 'coroutine' has no len()
2026-03-09 11:10:32,965 - WARNING - Data fetch failed for 2024-05-22: object of type 'coroutine' has no len()
2026-03-09 11:10:32,965 - WARNING - Data fetch failed for 2024-05-23: object of type 'coroutine' has no len()
2026-03-09 11:10:32,965 - WARNING - Data fetch failed for 2024-05-24: object of type 'coroutine' has no len()
2026-03-09 11:10:32,965 - WARNING - Data fetch failed for 2024-05-28: object of type 'coroutine' has no len()
2026-03-09 11:10:32,965 - WARNING - Data fetch failed for 2024-05-29: object of type 'coroutine' has no len()
2026-03-09 11:10:32,965 - WARNING - Data fetch failed for 2024-05-30: object of type 'coroutine' has no len()
2026-03-09 11:10:32,965 - WARNING - Data fetch failed for 2024-05-31: object of type 'coroutine' has no len()
2026-03-09 11:10:32,965 - WARNING - Data fetch failed for 2024-06-03: object of type 'coroutine' has no len()
2026-03-09 11:10:32,965 - WARNING - Data fetch failed for 2024-06-04: object of type 'coroutine' has no len()
2026-03-09 11:10:32,965 - WARNING - Data fetch failed for 2024-06-05: object of type 'coroutine' has no len()
2026-03-09 11:10:32,965 - WARNING - Data fetch failed for 2024-06-06: object of type 'coroutine' has no len()
2026-03-09 11:10:32,965 - WARNING - Data fetch failed for 2024-06-07: object of type 'coroutine' has no len()
2026-03-09 11:10:32,965 - WARNING - Data fetch failed for 2024-06-10: object of type 'coroutine' has no len()
2026-03-09 11:10:32,965 - WARNING - Data fetch failed for 2024-06-11: object of type 'coroutine' has no len()
2026-03-09 11:10:32,965 - WARNING - Data fetch failed for 2024-06-12: object of type 'coroutine' has no len()
2026-03-09 11:10:32,965 - WARNING - Data fetch failed for 2024-06-13: object of type 'coroutine' has no len()
2026-03-09 11:10:32,965 - WARNING - Data fetch failed for 2024-06-14: object of type 'coroutine' has no len()
2026-03-09 11:10:32,965 - WARNING - Data fetch failed for 2024-06-17: object of type 'coroutine' has no len()
2026-03-09 11:10:32,965 - WARNING - Data fetch failed for 2024-06-18: object of type 'coroutine' has no len()
2026-03-09 11:10:32,965 - WARNING - Data fetch failed for 2024-06-20: object of type 'coroutine' has no len()
2026-03-09 11:10:32,965 - WARNING - Data fetch failed for 2024-06-21: object of type 'coroutine' has no len()
2026-03-09 11:10:32,965 - WARNING - Data fetch failed for 2024-06-24: object of type 'coroutine' has no len()
2026-03-09 11:10:32,965 - WARNING - Data fetch failed for 2024-06-25: object of type 'coroutine' has no len()
2026-03-09 11:10:32,965 - WARNING - Data fetch failed for 2024-06-26: object of type 'coroutine' has no len()
2026-03-09 11:10:32,965 - WARNING - Data fetch failed for 2024-06-27: object of type 'coroutine' has no len()
2026-03-09 11:10:32,965 - WARNING - Data fetch failed for 2024-06-28: object of type 'coroutine' has no len()
2026-03-09 11:10:32,965 - WARNING - Data fetch failed for 2024-07-01: object of type 'coroutine' has no len()
2026-03-09 11:10:32,965 - WARNING - Data fetch failed for 2024-07-02: object of type 'coroutine' has no len()
2026-03-09 11:10:32,965 - WARNING - Data fetch failed for 2024-07-03: object of type 'coroutine' has no len()
2026-03-09 11:10:32,965 - WARNING - Data fetch failed for 2024-07-05: object of type 'coroutine' has no len()
2026-03-09 11:10:32,965 - WARNING - Data fetch failed for 2024-07-08: object of type 'coroutine' has no len()
2026-03-09 11:10:32,965 - WARNING - Data fetch failed for 2024-07-09: object of type 'coroutine' has no len()
2026-03-09 11:10:32,965 - WARNING - Data fetch failed for 2024-07-10: object of type 'coroutine' has no len()
2026-03-09 11:10:32,965 - WARNING - Data fetch failed for 2024-07-11: object of type 'coroutine' has no len()
2026-03-09 11:10:32,965 - WARNING - Data fetch failed for 2024-07-12: object of type 'coroutine' has no len()
2026-03-09 11:10:32,965 - WARNING - Data fetch failed for 2024-07-15: object of type 'coroutine' has no len()
2026-03-09 11:10:32,965 - WARNING - Data fetch failed for 2024-07-16: object of type 'coroutine' has no len()
2026-03-09 11:10:32,965 - WARNING - Data fetch failed for 2024-07-17: object of type 'coroutine' has no len()
2026-03-09 11:10:32,966 - WARNING - Data fetch failed for 2024-07-18: object of type 'coroutine' has no len()
2026-03-09 11:10:32,966 - WARNING - Data fetch failed for 2024-07-19: object of type 'coroutine' has no len()
2026-03-09 11:10:32,966 - WARNING - Data fetch failed for 2024-07-22: object of type 'coroutine' has no len()
2026-03-09 11:10:32,966 - WARNING - Data fetch failed for 2024-07-23: object of type 'coroutine' has no len()
2026-03-09 11:10:32,966 - WARNING - Data fetch failed for 2024-07-24: object of type 'coroutine' has no len()
2026-03-09 11:10:32,966 - WARNING - Data fetch failed for 2024-07-25: object of type 'coroutine' has no len()
2026-03-09 11:10:32,966 - WARNING - Data fetch failed for 2024-07-26: object of type 'coroutine' has no len()
2026-03-09 11:10:32,966 - WARNING - Data fetch failed for 2024-07-29: object of type 'coroutine' has no len()
2026-03-09 11:10:32,966 - WARNING - Data fetch failed for 2024-07-30: object of type 'coroutine' has no len()
2026-03-09 11:10:32,966 - WARNING - Data fetch failed for 2024-07-31: object of type 'coroutine' has no len()
2026-03-09 11:10:32,966 - WARNING - Data fetch failed for 2024-08-01: object of type 'coroutine' has no len()
2026-03-09 11:10:32,966 - WARNING - Data fetch failed for 2024-08-02: object of type 'coroutine' has no len()
2026-03-09 11:10:32,966 - WARNING - Data fetch failed for 2024-08-05: object of type 'coroutine' has no len()
2026-03-09 11:10:32,966 - WARNING - Data fetch failed for 2024-08-06: object of type 'coroutine' has no len()
2026-03-09 11:10:32,966 - WARNING - Data fetch failed for 2024-08-07: object of type 'coroutine' has no len()
2026-03-09 11:10:32,966 - WARNING - Data fetch failed for 2024-08-08: object of type 'coroutine' has no len()
2026-03-09 11:10:32,966 - WARNING - Data fetch failed for 2024-08-09: object of type 'coroutine' has no len()
2026-03-09 11:10:32,966 - WARNING - Data fetch failed for 2024-08-12: object of type 'coroutine' has no len()
2026-03-09 11:10:32,966 - WARNING - Data fetch failed for 2024-08-13: object of type 'coroutine' has no len()
2026-03-09 11:10:32,966 - WARNING - Data fetch failed for 2024-08-14: object of type 'coroutine' has no len()
2026-03-09 11:10:32,966 - WARNING - Data fetch failed for 2024-08-15: object of type 'coroutine' has no len()
2026-03-09 11:10:32,966 - WARNING - Data fetch failed for 2024-08-16: object of type 'coroutine' has no len()
2026-03-09 11:10:32,966 - WARNING - Data fetch failed for 2024-08-19: object of type 'coroutine' has no len()
2026-03-09 11:10:32,966 - WARNING - Data fetch failed for 2024-08-20: object of type 'coroutine' has no len()
2026-03-09 11:10:32,966 - WARNING - Data fetch failed for 2024-08-21: object of type 'coroutine' has no len()
2026-03-09 11:10:32,966 - WARNING - Data fetch failed for 2024-08-22: object of type 'coroutine' has no len()
2026-03-09 11:10:32,966 - WARNING - Data fetch failed for 2024-08-23: object of type 'coroutine' has no len()
2026-03-09 11:10:32,966 - WARNING - Data fetch failed for 2024-08-26: object of type 'coroutine' has no len()
2026-03-09 11:10:32,966 - WARNING - Data fetch failed for 2024-08-27: object of type 'coroutine' has no len()
2026-03-09 11:10:32,966 - WARNING - Data fetch failed for 2024-08-28: object of type 'coroutine' has no len()
2026-03-09 11:10:32,966 - WARNING - Data fetch failed for 2024-08-29: object of type 'coroutine' has no len()
2026-03-09 11:10:32,966 - WARNING - Data fetch failed for 2024-08-30: object of type 'coroutine' has no len()
2026-03-09 11:10:32,966 - WARNING - Data fetch failed for 2024-09-03: object of type 'coroutine' has no len()
2026-03-09 11:10:32,966 - WARNING - Data fetch failed for 2024-09-04: object of type 'coroutine' has no len()
2026-03-09 11:10:32,966 - WARNING - Data fetch failed for 2024-09-05: object of type 'coroutine' has no len()
2026-03-09 11:10:32,966 - WARNING - Data fetch failed for 2024-09-06: object of type 'coroutine' has no len()
2026-03-09 11:10:32,966 - WARNING - Data fetch failed for 2024-09-09: object of type 'coroutine' has no len()
2026-03-09 11:10:32,966 - WARNING - Data fetch failed for 2024-09-10: object of type 'coroutine' has no len()
2026-03-09 11:10:32,966 - WARNING - Data fetch failed for 2024-09-11: object of type 'coroutine' has no len()
2026-03-09 11:10:32,966 - WARNING - Data fetch failed for 2024-09-12: object of type 'coroutine' has no len()
2026-03-09 11:10:32,966 - WARNING - Data fetch failed for 2024-09-13: object of type 'coroutine' has no len()
2026-03-09 11:10:32,966 - WARNING - Data fetch failed for 2024-09-16: object of type 'coroutine' has no len()
2026-03-09 11:10:32,966 - WARNING - Data fetch failed for 2024-09-17: object of type 'coroutine' has no len()
2026-03-09 11:10:32,967 - WARNING - Data fetch failed for 2024-09-18: object of type 'coroutine' has no len()
2026-03-09 11:10:32,967 - WARNING - Data fetch failed for 2024-09-19: object of type 'coroutine' has no len()
2026-03-09 11:10:32,967 - WARNING - Data fetch failed for 2024-09-20: object of type 'coroutine' has no len()
2026-03-09 11:10:32,967 - WARNING - Data fetch failed for 2024-09-23: object of type 'coroutine' has no len()
2026-03-09 11:10:32,967 - WARNING - Data fetch failed for 2024-09-24: object of type 'coroutine' has no len()
2026-03-09 11:10:32,967 - WARNING - Data fetch failed for 2024-09-25: object of type 'coroutine' has no len()
2026-03-09 11:10:32,967 - WARNING - Data fetch failed for 2024-09-26: object of type 'coroutine' has no len()
2026-03-09 11:10:32,967 - WARNING - Data fetch failed for 2024-09-27: object of type 'coroutine' has no len()
2026-03-09 11:10:32,967 - WARNING - Data fetch failed for 2024-09-30: object of type 'coroutine' has no len()
2026-03-09 11:10:32,967 - WARNING - Data fetch failed for 2024-10-01: object of type 'coroutine' has no len()
2026-03-09 11:10:32,967 - WARNING - Data fetch failed for 2024-10-02: object of type 'coroutine' has no len()
2026-03-09 11:10:32,967 - WARNING - Data fetch failed for 2024-10-03: object of type 'coroutine' has no len()
2026-03-09 11:10:32,967 - WARNING - Data fetch failed for 2024-10-04: object of type 'coroutine' has no len()
2026-03-09 11:10:32,967 - WARNING - Data fetch failed for 2024-10-07: object of type 'coroutine' has no len()
2026-03-09 11:10:32,967 - WARNING - Data fetch failed for 2024-10-08: object of type 'coroutine' has no len()
2026-03-09 11:10:32,967 - WARNING - Data fetch failed for 2024-10-09: object of type 'coroutine' has no len()
2026-03-09 11:10:32,967 - WARNING - Data fetch failed for 2024-10-10: object of type 'coroutine' has no len()
2026-03-09 11:10:32,967 - WARNING - Data fetch failed for 2024-10-11: object of type 'coroutine' has no len()
2026-03-09 11:10:32,967 - WARNING - Data fetch failed for 2024-10-14: object of type 'coroutine' has no len()
2026-03-09 11:10:32,967 - WARNING - Data fetch failed for 2024-10-15: object of type 'coroutine' has no len()
2026-03-09 11:10:32,967 - WARNING - Data fetch failed for 2024-10-16: object of type 'coroutine' has no len()
2026-03-09 11:10:32,967 - WARNING - Data fetch failed for 2024-10-17: object of type 'coroutine' has no len()
2026-03-09 11:10:32,967 - WARNING - Data fetch failed for 2024-10-18: object of type 'coroutine' has no len()
2026-03-09 11:10:32,967 - WARNING - Data fetch failed for 2024-10-21: object of type 'coroutine' has no len()
2026-03-09 11:10:32,967 - WARNING - Data fetch failed for 2024-10-22: object of type 'coroutine' has no len()
2026-03-09 11:10:32,967 - WARNING - Data fetch failed for 2024-10-23: object of type 'coroutine' has no len()
2026-03-09 11:10:32,967 - WARNING - Data fetch failed for 2024-10-24: object of type 'coroutine' has no len()
2026-03-09 11:10:32,967 - WARNING - Data fetch failed for 2024-10-25: object of type 'coroutine' has no len()
2026-03-09 11:10:32,967 - WARNING - Data fetch failed for 2024-10-28: object of type 'coroutine' has no len()
2026-03-09 11:10:32,967 - WARNING - Data fetch failed for 2024-10-29: object of type 'coroutine' has no len()
2026-03-09 11:10:32,967 - WARNING - Data fetch failed for 2024-10-30: object of type 'coroutine' has no len()
2026-03-09 11:10:32,967 - WARNING - Data fetch failed for 2024-10-31: object of type 'coroutine' has no len()
2026-03-09 11:10:32,967 - WARNING - Data fetch failed for 2024-11-01: object of type 'coroutine' has no len()
2026-03-09 11:10:32,967 - WARNING - Data fetch failed for 2024-11-04: object of type 'coroutine' has no len()
2026-03-09 11:10:32,967 - WARNING - Data fetch failed for 2024-11-05: object of type 'coroutine' has no len()
2026-03-09 11:10:32,967 - WARNING - Data fetch failed for 2024-11-06: object of type 'coroutine' has no len()
2026-03-09 11:10:32,967 - WARNING - Data fetch failed for 2024-11-07: object of type 'coroutine' has no len()
2026-03-09 11:10:32,967 - WARNING - Data fetch failed for 2024-11-08: object of type 'coroutine' has no len()
2026-03-09 11:10:32,967 - WARNING - Data fetch failed for 2024-11-11: object of type 'coroutine' has no len()
2026-03-09 11:10:32,967 - WARNING - Data fetch failed for 2024-11-12: object of type 'coroutine' has no len()
2026-03-09 11:10:32,967 - WARNING - Data fetch failed for 2024-11-13: object of type 'coroutine' has no len()
2026-03-09 11:10:32,967 - WARNING - Data fetch failed for 2024-11-14: object of type 'coroutine' has no len()
2026-03-09 11:10:32,967 - WARNING - Data fetch failed for 2024-11-15: object of type 'coroutine' has no len()
2026-03-09 11:10:32,967 - WARNING - Data fetch failed for 2024-11-18: object of type 'coroutine' has no len()
2026-03-09 11:10:32,967 - WARNING - Data fetch failed for 2024-11-19: object of type 'coroutine' has no len()
2026-03-09 11:10:32,967 - WARNING - Data fetch failed for 2024-11-20: object of type 'coroutine' has no len()
2026-03-09 11:10:32,967 - WARNING - Data fetch failed for 2024-11-21: object of type 'coroutine' has no len()
2026-03-09 11:10:32,967 - WARNING - Data fetch failed for 2024-11-22: object of type 'coroutine' has no len()
2026-03-09 11:10:32,967 - WARNING - Data fetch failed for 2024-11-25: object of type 'coroutine' has no len()
2026-03-09 11:10:32,967 - WARNING - Data fetch failed for 2024-11-26: object of type 'coroutine' has no len()
2026-03-09 11:10:32,967 - WARNING - Data fetch failed for 2024-11-27: object of type 'coroutine' has no len()
2026-03-09 11:10:32,967 - WARNING - Data fetch failed for 2024-11-29: object of type 'coroutine' has no len()
2026-03-09 11:10:32,967 - WARNING - Data fetch failed for 2024-12-02: object of type 'coroutine' has no len()
2026-03-09 11:10:32,967 - WARNING - Data fetch failed for 2024-12-03: object of type 'coroutine' has no len()
2026-03-09 11:10:32,967 - WARNING - Data fetch failed for 2024-12-04: object of type 'coroutine' has no len()
2026-03-09 11:10:32,967 - WARNING - Data fetch failed for 2024-12-05: object of type 'coroutine' has no len()
2026-03-09 11:10:32,967 - WARNING - Data fetch failed for 2024-12-06: object of type 'coroutine' has no len()
2026-03-09 11:10:32,967 - WARNING - Data fetch failed for 2024-12-09: object of type 'coroutine' has no len()
2026-03-09 11:10:32,967 - WARNING - Data fetch failed for 2024-12-10: object of type 'coroutine' has no len()
2026-03-09 11:10:32,967 - WARNING - Data fetch failed for 2024-12-11: object of type 'coroutine' has no len()
2026-03-09 11:10:32,967 - WARNING - Data fetch failed for 2024-12-12: object of type 'coroutine' has no len()
2026-03-09 11:10:32,967 - WARNING - Data fetch failed for 2024-12-13: object of type 'coroutine' has no len()
2026-03-09 11:10:32,967 - WARNING - Data fetch failed for 2024-12-16: object of type 'coroutine' has no len()
2026-03-09 11:10:32,967 - WARNING - Data fetch failed for 2024-12-17: object of type 'coroutine' has no len()
2026-03-09 11:10:32,967 - WARNING - Data fetch failed for 2024-12-18: object of type 'coroutine' has no len()
2026-03-09 11:10:32,967 - WARNING - Data fetch failed for 2024-12-19: object of type 'coroutine' has no len()
2026-03-09 11:10:32,967 - WARNING - Data fetch failed for 2024-12-20: object of type 'coroutine' has no len()
2026-03-09 11:10:32,967 - WARNING - Data fetch failed for 2024-12-23: object of type 'coroutine' has no len()
2026-03-09 11:10:32,967 - WARNING - Data fetch failed for 2024-12-24: object of type 'coroutine' has no len()
2026-03-09 11:10:32,967 - WARNING - Data fetch failed for 2024-12-26: object of type 'coroutine' has no len()
2026-03-09 11:10:32,967 - WARNING - Data fetch failed for 2024-12-27: object of type 'coroutine' has no len()
2026-03-09 11:10:32,968 - WARNING - Data fetch failed for 2024-12-30: object of type 'coroutine' has no len()
2026-03-09 11:10:32,968 - WARNING - Data fetch failed for 2024-12-31: object of type 'coroutine' has no len()
2026-03-09 11:10:32,968 - ERROR - No valid inference rows generated. TimescaleDB might lack 252-day history.
/home/alexr/fortress_v5/scripts/precompute_regime_posteriors.py:919: RuntimeWarning: coroutine 'DataPipeline.get_observation_vector' was never awaited
  if _try_full_mode_inference(dates):
RuntimeWarning: Enable tracemalloc to get the object allocation traceback
2026-03-09 11:10:32,970 - INFO - Synthetic Mode active — generating regime-switching GBM market data.
2026-03-09 11:10:32,970 - INFO - Markov stationary distribution: bull_low_vol=0.890, bull_high_vol=0.080, bear=0.026, crisis=0.004
2026-03-09 11:10:32,970 - INFO - Building cross-asset correlation matrix (5-factor model)...
2026-03-09 11:10:32,971 - INFO - Sampling Markov regime sequence...
2026-03-09 11:10:32,987 - INFO - Regime distribution: {'bull_low_vol': 1421, 'bull_high_vol': 66, 'bear': 14, 'crisis': 9}
2026-03-09 11:10:32,987 - INFO - Simulating 1510 days × 25 assets via Markov-switching GBM...
2026-03-09 11:10:33,033 - INFO - ✅ Saved prices/returns → research/outputs/cache/prices_wide.parquet, research/outputs/cache/returns_wide.parquet
2026-03-09 11:10:33,033 - INFO - Building long-format market_data parquet...
2026-03-09 11:10:33,971 - INFO - ✅ Saved market_data → research/outputs/cache/market_data.parquet (37,750 rows)
2026-03-09 11:10:33,971 - INFO - Synthetic Mode: bypassing GMM — constructing posteriors from GBM oracle labels + sign-stabilised PCA embeddings (BUG #20 ROOT CAUSE FIX).
2026-03-09 11:10:35,276 - INFO - Synthetic oracle regime label distribution:
2026-03-09 11:10:35,276 - INFO -   bull_low_vol        : 1421 days (94.1%)
2026-03-09 11:10:35,276 - INFO -   bull_high_vol       :   66 days (4.4%)
2026-03-09 11:10:35,276 - INFO -   bear                :   14 days (0.9%)
2026-03-09 11:10:35,276 - INFO -   crisis              :    9 days (0.6%)
2026-03-09 11:10:35,277 - INFO - z_mu[0] stats: mean=0.491 std=1.416 min=-2.123 max=2.141
2026-03-09 11:10:35,277 - INFO - Soft posterior soft_bull_low_vol: mean=0.870 (expected ≈ 0.866)
2026-03-09 11:10:35,286 - INFO - ✅ Saved regime posteriors → research/outputs/cache/regime_posteriors.parquet (1,510 rows)
2026-03-09 11:10:35,287 - INFO - Regime label distribution (GMM + semantic pinning):
2026-03-09 11:10:35,287 - INFO -   bull_low_vol        : 1421 days (94.1%)
2026-03-09 11:10:35,287 - INFO -   bull_high_vol       :   66 days (4.4%)
2026-03-09 11:10:35,287 - INFO -   bear                :   14 days (0.9%)
2026-03-09 11:10:35,287 - INFO -   crisis              :    9 days (0.6%)
2026-03-09 11:10:35,287 - INFO - Regime distribution comparison (GBM ground truth vs GMM labels):
2026-03-09 11:10:35,287 - INFO -   bull_low_vol        : GBM=94.1%  GMM=94.1%  Δ=0.0%
2026-03-09 11:10:35,287 - INFO -   bull_high_vol       : GBM=4.4%  GMM=4.4%  Δ=0.0%
2026-03-09 11:10:35,287 - INFO -   bear                : GBM=0.9%  GMM=0.9%  Δ=0.0%
2026-03-09 11:10:35,287 - INFO -   crisis              : GBM=0.6%  GMM=0.6%  Δ=0.0%
2026-03-09 11:10:35,287 - INFO - Precompute Stage 1 complete (BUG #20 FIXED — GMM classifier). Run precompute_alpha_signals.py next.
checkpoint directory created: ./model
saving model version 0.0
[0;32m[OK][0m Stage 1: Regime Posterior Precomputation complete.

[0;36m══════════════════════════════════════════[0m
[0;36m  Stage 2: Alpha Signal Precomputation[0m
[0;36m══════════════════════════════════════════[0m
2026-03-09 11:10:36,398 - INFO - AIS pipeline not available — Factor F9 inactive. Wire data/alt_data/ais_pipeline.py to activate.
2026-03-09 11:10:36,398 - INFO - ══════ Fortress v5 — Alpha Signal Precomputation (P2: FactorDecayMonitor) ══════
2026-03-09 11:10:36,398 - INFO - Loading cached market data...
2026-03-09 11:10:36,416 - INFO - Loading cached regime posteriors...
2026-03-09 11:10:36,421 - INFO - Market data: 1510 days × 25 assets | Regime posteriors: 1510 rows
2026-03-09 11:10:36,422 - INFO - Aligned dataset: 1510 trading days
2026-03-09 11:10:36,422 - INFO - GATv2 weights not found at models/weights/gat_alpha_latest.pt. Running in Surrogate Mode.
2026-03-09 11:10:36,422 - INFO - Surrogate Mode: 9-component pipeline — F1(mom), F1b(mom6), F2(rev21), F3(vol), F4(carry), F5(tilt), F7(rev5), F8(idio), FactorDecayMonitor(P2)
2026-03-09 11:10:36,422 - INFO - Computing Factor 1:  Cross-Sectional Momentum (12-1M)...
2026-03-09 11:10:36,436 - INFO - Computing Factor 1b: Cross-Sectional Momentum (6-1M)...
2026-03-09 11:10:36,450 - INFO - Computing Factor 2:  Short-Term Reversal (21d)...
2026-03-09 11:10:36,462 - INFO - Computing Factor 3:  Low-Volatility Anomaly (63d)...
2026-03-09 11:10:36,475 - INFO - Computing Factor 4:  Fixed-Income Carry (BUG #18 FIX)...
2026-03-09 11:10:36,475 - INFO - Computing Factor 7:  5-Day Short-Term Reversal...
2026-03-09 11:10:36,488 - INFO - Computing Factor 8:  Idiosyncratic Momentum...
2026-03-09 11:10:36,517 - INFO - Computing Factor 9:  AIS Commodity Flow (optional)...
2026-03-09 11:10:36,517 - INFO - Fitting FactorDecayMonitor (EWMA Spearman IC, halflife=63d)...
2026-03-09 11:10:38,130 - INFO - FactorDecayMonitor fit complete. Terminal EWMA IC per factor:
2026-03-09 11:10:38,130 - INFO -   F1_mom      : IC_ewma(T) = +0.0111  [❌ DECAYED]
2026-03-09 11:10:38,130 - INFO -   F1b_mom6    : IC_ewma(T) = +0.0603  [✅ ACTIVE]
2026-03-09 11:10:38,130 - INFO -   F2_rev21    : IC_ewma(T) = -0.0156  [❌ DECAYED]
2026-03-09 11:10:38,130 - INFO -   F3_vol      : IC_ewma(T) = +0.0048  [❌ DECAYED]
2026-03-09 11:10:38,130 - INFO -   F4_carry    : IC_ewma(T) = +0.0187  [❌ DECAYED]
2026-03-09 11:10:38,130 - INFO -   F7_rev5     : IC_ewma(T) = +0.0177  [❌ DECAYED]
2026-03-09 11:10:38,130 - INFO -   F8_idio     : IC_ewma(T) = +0.0483  [✅ ACTIVE]
2026-03-09 11:10:38,130 - INFO - Computing Factors 5/6: Regime Tilt + Price Trend Override (BUG #17 FIX) + decay-gated blend loop...
2026-03-09 11:10:38,132 - INFO -   [0/1510] 2019-01-02 | z_pca=+2.05 z_eff=+2.05 | Regime=bull_low_vol | ActiveFactors=0/7 | Top: VNQ(0.98), HYG(0.94), EEM(0.84) | Bot: TLT(-0.80), IEF(-0.77), SHY(-0.72)
2026-03-09 11:10:38,159 - INFO -   [200/1510] 2019-10-17 | z_pca=-0.90 z_eff=-0.65 | Regime=bear_market | ActiveFactors=3/7 | Top: IEF(0.51), SHY(0.51), TLT(0.45) | Bot: XLE(-0.65), EEM(-0.65), VNQ(-0.59)
2026-03-09 11:10:38,193 - INFO -   [400/1510] 2020-08-04 | z_pca=-0.98 z_eff=+0.16 | Regime=neutral | ActiveFactors=5/7 | Top: XLK(0.89), QQQ(0.86), SPY(0.79) | Bot: SLV(-0.84), TLT(-0.84), GLD(-0.82)
2026-03-09 11:10:38,227 - INFO -   [600/1510] 2021-05-20 | z_pca=+0.23 z_eff=+0.49 | Regime=neutral | ActiveFactors=4/7 | Top: LQD(0.93), HYG(0.87), QQQ(0.83) | Bot: SLV(-0.89), GLD(-0.88), TLT(-0.85)
2026-03-09 11:10:38,261 - INFO -   [800/1510] 2022-03-07 | z_pca=+2.00 z_eff=+1.83 | Regime=bull_low_vol | ActiveFactors=7/7 | Top: XLE(0.99), VNQ(0.99), USO(0.97) | Bot: SHY(-0.95), IEF(-0.91), GLD(-0.86)
2026-03-09 11:10:38,296 - INFO -   [1000/1510] 2022-12-20 | z_pca=+1.99 z_eff=+1.70 | Regime=bull_low_vol | ActiveFactors=6/7 | Top: XLE(0.98), XLK(0.98), EFA(0.98) | Bot: TLT(-0.99), IEF(-0.98), SHY(-0.95)
2026-03-09 11:10:38,331 - INFO -   [1200/1510] 2023-10-09 | z_pca=-1.00 z_eff=-1.49 | Regime=bear_market | ActiveFactors=6/7 | Top: VIXY(0.85), SHY(0.61), IEF(0.56) | Bot: XLP(-0.72), HYG(-0.70), XLI(-0.70)
2026-03-09 11:10:38,366 - INFO -   [1400/1510] 2024-07-26 | z_pca=-1.00 z_eff=-0.57 | Regime=bear_market | ActiveFactors=4/7 | Top: XLK(0.74), XLF(0.55), SPY(0.53) | Bot: SLV(-0.81), TLT(-0.60), GLD(-0.60)
2026-03-09 11:10:38,387 - INFO - Factor decay gating summary (% of days zeroed by IC monitor):
2026-03-09 11:10:38,387 - INFO -   F1_mom      : 43.4% of days gated out
2026-03-09 11:10:38,387 - INFO -   F1b_mom6    : 27.9% of days gated out
2026-03-09 11:10:38,387 - INFO -   F2_rev21    : 35.4% of days gated out
2026-03-09 11:10:38,387 - INFO -   F3_vol      : 36.9% of days gated out
2026-03-09 11:10:38,387 - INFO -   F4_carry    : 51.3% of days gated out
2026-03-09 11:10:38,387 - INFO -   F7_rev5     : 40.0% of days gated out
2026-03-09 11:10:38,387 - INFO -   F8_idio     : 57.0% of days gated out
2026-03-09 11:10:38,392 - INFO - ✅ Alpha signals saved → research/outputs/cache/alpha_signals.parquet (1510 rows × 25 assets)
2026-03-09 11:10:38,393 - INFO - Alpha signal summary (time-averaged, post-decay-gate):
2026-03-09 11:10:38,393 - INFO -   HYG   : +█████ (+0.388)
2026-03-09 11:10:38,393 - INFO -   LQD   : +█████ (+0.360)
2026-03-09 11:10:38,393 - INFO -   VNQ   : +█████ (+0.330)
2026-03-09 11:10:38,393 - INFO -   XLI   : +████ (+0.296)
2026-03-09 11:10:38,393 - INFO -   XLK   : +████ (+0.266)
2026-03-09 11:10:38,393 - INFO -   XLV   : +███ (+0.257)
2026-03-09 11:10:38,393 - INFO -   VTV   : +███ (+0.256)
2026-03-09 11:10:38,393 - INFO -   EFA   : +███ (+0.238)
2026-03-09 11:10:38,393 - INFO -   SPY   : +███ (+0.232)
2026-03-09 11:10:38,393 - INFO -   XLP   : +███ (+0.195)
2026-03-09 11:10:38,393 - INFO -   SHV   : +██ (+0.180)
2026-03-09 11:10:38,393 - INFO -   BIL   : +██ (+0.180)
2026-03-09 11:10:38,393 - INFO -   QQQ   : +██ (+0.178)
2026-03-09 11:10:38,393 - INFO -   XLF   : +█ (+0.100)
2026-03-09 11:10:38,393 - INFO -   EEM   : +█ (+0.093)
2026-03-09 11:10:38,393 - INFO -   IWM   : +█ (+0.077)
2026-03-09 11:10:38,393 - INFO -   XLE   : - (-0.010)
2026-03-09 11:10:38,393 - INFO -   PDBC  : - (-0.040)
2026-03-09 11:10:38,393 - INFO -   USO   : -█ (-0.095)
2026-03-09 11:10:38,393 - INFO -   TLT   : -██ (-0.159)
2026-03-09 11:10:38,393 - INFO -   IEF   : -██ (-0.163)
2026-03-09 11:10:38,393 - INFO -   SHY   : -██ (-0.171)
2026-03-09 11:10:38,393 - INFO -   VIXY  : -██ (-0.174)
2026-03-09 11:10:38,393 - INFO -   SLV   : -███ (-0.226)
2026-03-09 11:10:38,393 - INFO -   GLD   : -████ (-0.280)
2026-03-09 11:10:38,393 - INFO - Stage 2 complete (P2: FactorDecayMonitor active). Run run_standalone_backtest.py next.
[0;32m[OK][0m Stage 2: Alpha Signal Precomputation complete.

[0;36m══════════════════════════════════════════[0m
[0;36m  Stage 3: Event-Driven Standalone Backtest[0m
[0;36m══════════════════════════════════════════[0m
2026-03-09 11:10:39,004 - INFO - ══════ Fortress v5 — Standalone Backtest v5 (BUG #21/#22/#23 FIX) ══════
2026-03-09 11:10:39,031 - INFO - Loaded | prices:1510d  returns:1510d  regime:1510d  alpha:1510d
2026-03-09 11:10:39,031 - INFO - Ranges | prices:2019-01-02→2024-12-31  regime:2019-01-02→2024-12-31
2026-03-09 11:10:39,031 - INFO - ✅ Soft GMM posteriors detected in regime_df — regime-conditional halt thresholds active (BUG #22 FIX).
2026-03-09 11:10:39,032 - INFO - Backtest window: 2019-07-03 → 2024-12-31 (1384 total days, warmup=126d, recording from 2020-01-02)
2026-03-09 11:10:41,832 - CRITICAL - HALT triggered 2023-07-13: DD=-19.70% ≤ -17.78% (regime-conditional)
2026-03-09 11:10:41,837 - INFO - 2023-09-19: Halt recovery — entering ramp-in.
2026-03-09 11:10:41,841 - WARNING - 2023-09-20: Drawdown=-18.99% exceeded 15.34% during ramp-in. Returning to mandatory BIL.
2026-03-09 11:10:41,847 - INFO - 2023-11-27: Halt recovery — entering ramp-in.
2026-03-09 11:10:41,849 - WARNING - 2023-11-28: Drawdown=-18.10% exceeded 15.34% during ramp-in. Returning to mandatory BIL.
2026-03-09 11:10:41,854 - INFO - 2024-02-06: Halt recovery — entering ramp-in.
2026-03-09 11:10:41,857 - WARNING - 2024-02-07: Drawdown=-17.35% exceeded 15.34% during ramp-in. Returning to mandatory BIL.
2026-03-09 11:10:41,863 - INFO - 2024-04-16: Halt recovery — entering ramp-in.
2026-03-09 11:10:41,873 - WARNING - 2024-04-17: Drawdown=-16.59% exceeded 15.34% during ramp-in. Returning to mandatory BIL.
2026-03-09 11:10:41,879 - INFO - 2024-06-25: Halt recovery — entering ramp-in.
2026-03-09 11:10:41,882 - WARNING - 2024-06-26: Drawdown=-15.78% exceeded 15.34% during ramp-in. Returning to mandatory BIL.
2026-03-09 11:10:41,887 - INFO - 2024-09-03: Halt recovery — entering ramp-in.
2026-03-09 11:10:41,916 - WARNING - 2024-09-06: Drawdown=-15.37% exceeded 15.34% during ramp-in. Returning to mandatory BIL.
2026-03-09 11:10:41,922 - INFO - 2024-11-12: Halt recovery — entering ramp-in.
2026-03-09 11:10:42,020 - INFO - 2024-12-13: Ramp-in complete. Resuming full active trading.
2026-03-09 11:10:42,053 - INFO -   CAGR                           +9.62%
2026-03-09 11:10:42,053 - INFO -   Ann. Volatility                10.80%
2026-03-09 11:10:42,053 - INFO -   Sharpe Ratio                   0.384
2026-03-09 11:10:42,053 - INFO -   Sortino Ratio                  0.458
2026-03-09 11:10:42,053 - INFO -   Calmar Ratio                   0.489
2026-03-09 11:10:42,053 - INFO -   Max Drawdown                   -19.70%
2026-03-09 11:10:42,053 - INFO -   Max DD Duration                417 days
2026-03-09 11:10:42,053 - INFO -   VaR-95 (daily)                 -1.08%
2026-03-09 11:10:42,053 - INFO -   CVaR-95 (daily)                -1.63%
2026-03-09 11:10:42,053 - INFO -   Hit Rate                       37.68%
2026-03-09 11:10:42,053 - INFO -   Avg Daily Turnover             29.52%
2026-03-09 11:10:42,053 - INFO -   Cost Drag (ann. bps)           200.8
2026-03-09 11:10:42,053 - INFO -   PSR (SR>0)                     1.0000
2026-03-09 11:10:42,054 - INFO -   Skewness                       -0.216
2026-03-09 11:10:42,054 - INFO -   Excess Kurtosis                7.028
2026-03-09 11:10:42,054 - INFO -   Active Trading %               71.5%
2026-03-09 11:10:42,054 - INFO -   Halted BIL %                   26.2%
2026-03-09 11:10:42,054 - INFO -   Ramp-in %                      2.4%
2026-03-09 11:10:42,054 - INFO -   Final NAV                      $158,199.15
2026-03-09 11:10:42,054 - INFO -   Trading Days                   1258
2026-03-09 11:10:42,070 - INFO - ✅ Tearsheet → research/outputs/backtest_tearsheet.csv (1258 rows)
2026-03-09 11:10:42,071 - INFO - Running walk-forward validation...
2026-03-09 11:10:42,073 - INFO - Backtest window: 2019-01-02 → 2020-07-02 (379 total days, warmup=21d, recording from 2019-01-02)
2026-03-09 11:10:43,340 - INFO -   CAGR                           +8.96%
2026-03-09 11:10:43,340 - INFO -   Ann. Volatility                9.40%
2026-03-09 11:10:43,340 - INFO -   Sharpe Ratio                   0.428
2026-03-09 11:10:43,340 - INFO -   Sortino Ratio                  0.623
2026-03-09 11:10:43,340 - INFO -   Calmar Ratio                   0.928
2026-03-09 11:10:43,340 - INFO -   Max Drawdown                   -9.65%
2026-03-09 11:10:43,340 - INFO -   Max DD Duration                173 days
2026-03-09 11:10:43,340 - INFO -   VaR-95 (daily)                 -0.94%
2026-03-09 11:10:43,340 - INFO -   CVaR-95 (daily)                -1.34%
2026-03-09 11:10:43,340 - INFO -   Hit Rate                       46.44%
2026-03-09 11:10:43,340 - INFO -   Avg Daily Turnover             48.25%
2026-03-09 11:10:43,340 - INFO -   Cost Drag (ann. bps)           302.5
2026-03-09 11:10:43,340 - INFO -   PSR (SR>0)                     1.0000
2026-03-09 11:10:43,340 - INFO -   Skewness                       0.095
2026-03-09 11:10:43,340 - INFO -   Excess Kurtosis                1.748
2026-03-09 11:10:43,340 - INFO -   Active Trading %               94.5%
2026-03-09 11:10:43,340 - INFO -   Halted BIL %                   0.0%
2026-03-09 11:10:43,340 - INFO -   Ramp-in %                      0.0%
2026-03-09 11:10:43,340 - INFO -   Final NAV                      $113,768.53
2026-03-09 11:10:43,340 - INFO -   Trading Days                   379
2026-03-09 11:10:43,342 - INFO - Backtest window: 2020-06-04 → 2020-12-31 (147 total days, warmup=21d, recording from 2020-07-06)
2026-03-09 11:10:43,707 - INFO -   CAGR                           -2.61%
2026-03-09 11:10:43,708 - INFO -   Ann. Volatility                11.58%
2026-03-09 11:10:43,708 - INFO -   Sharpe Ratio                   -0.674
2026-03-09 11:10:43,708 - INFO -   Sortino Ratio                  -0.864
2026-03-09 11:10:43,708 - INFO -   Calmar Ratio                   -0.256
2026-03-09 11:10:43,708 - INFO -   Max Drawdown                   -10.22%
2026-03-09 11:10:43,708 - INFO -   Max DD Duration                109 days
2026-03-09 11:10:43,708 - INFO -   VaR-95 (daily)                 -1.54%
2026-03-09 11:10:43,709 - INFO -   CVaR-95 (daily)                -1.76%
2026-03-09 11:10:43,710 - INFO -   Hit Rate                       49.21%
2026-03-09 11:10:43,710 - INFO -   Avg Daily Turnover             43.19%
2026-03-09 11:10:43,711 - INFO -   Cost Drag (ann. bps)           285.5
2026-03-09 11:10:43,711 - INFO -   PSR (SR>0)                     0.0000
2026-03-09 11:10:43,711 - INFO -   Skewness                       -0.101
2026-03-09 11:10:43,711 - INFO -   Excess Kurtosis                2.339
2026-03-09 11:10:43,711 - INFO -   Active Trading %               100.0%
2026-03-09 11:10:43,711 - INFO -   Halted BIL %                   0.0%
2026-03-09 11:10:43,711 - INFO -   Ramp-in %                      0.0%
2026-03-09 11:10:43,711 - INFO -   Final NAV                      $98,685.08
2026-03-09 11:10:43,711 - INFO -   Trading Days                   126
2026-03-09 11:10:43,713 - INFO -   F1: IS SR=0.428 | OOS SR=-0.674  CAGR=-2.61%  MaxDD=-10.22%
2026-03-09 11:10:43,714 - INFO - Backtest window: 2019-01-02 → 2020-12-31 (505 total days, warmup=21d, recording from 2019-01-02)
2026-03-09 11:10:45,326 - INFO -   CAGR                           +6.04%
2026-03-09 11:10:45,326 - INFO -   Ann. Volatility                10.00%
2026-03-09 11:10:45,326 - INFO -   Sharpe Ratio                   0.137
2026-03-09 11:10:45,326 - INFO -   Sortino Ratio                  0.189
2026-03-09 11:10:45,326 - INFO -   Calmar Ratio                   0.591
2026-03-09 11:10:45,326 - INFO -   Max Drawdown                   -10.22%
2026-03-09 11:10:45,326 - INFO -   Max DD Duration                173 days
2026-03-09 11:10:45,326 - INFO -   VaR-95 (daily)                 -1.10%
2026-03-09 11:10:45,326 - INFO -   CVaR-95 (daily)                -1.51%
2026-03-09 11:10:45,326 - INFO -   Hit Rate                       47.33%
2026-03-09 11:10:45,326 - INFO -   Avg Daily Turnover             46.82%
2026-03-09 11:10:45,327 - INFO -   Cost Drag (ann. bps)           298.4
2026-03-09 11:10:45,327 - INFO -   PSR (SR>0)                     0.9988
2026-03-09 11:10:45,327 - INFO -   Skewness                       -0.004
2026-03-09 11:10:45,327 - INFO -   Excess Kurtosis                2.197
2026-03-09 11:10:45,327 - INFO -   Active Trading %               95.8%
2026-03-09 11:10:45,327 - INFO -   Halted BIL %                   0.0%
2026-03-09 11:10:45,327 - INFO -   Ramp-in %                      0.0%
2026-03-09 11:10:45,327 - INFO -   Final NAV                      $112,481.18
2026-03-09 11:10:45,327 - INFO -   Trading Days                   505
2026-03-09 11:10:45,329 - INFO - Backtest window: 2020-12-02 → 2021-07-02 (147 total days, warmup=21d, recording from 2021-01-04)
2026-03-09 11:10:45,713 - INFO -   CAGR                           +13.14%
2026-03-09 11:10:45,713 - INFO -   Ann. Volatility                11.58%
2026-03-09 11:10:45,713 - INFO -   Sharpe Ratio                   0.620
2026-03-09 11:10:45,713 - INFO -   Sortino Ratio                  0.942
2026-03-09 11:10:45,713 - INFO -   Calmar Ratio                   2.018
2026-03-09 11:10:45,713 - INFO -   Max Drawdown                   -6.51%
2026-03-09 11:10:45,713 - INFO -   Max DD Duration                82 days
2026-03-09 11:10:45,714 - INFO -   VaR-95 (daily)                 -1.14%
2026-03-09 11:10:45,714 - INFO -   CVaR-95 (daily)                -1.52%
2026-03-09 11:10:45,714 - INFO -   Hit Rate                       50.79%
2026-03-09 11:10:45,714 - INFO -   Avg Daily Turnover             52.87%
2026-03-09 11:10:45,714 - INFO -   Cost Drag (ann. bps)           350.1
2026-03-09 11:10:45,714 - INFO -   PSR (SR>0)                     1.0000
2026-03-09 11:10:45,714 - INFO -   Skewness                       0.333
2026-03-09 11:10:45,714 - INFO -   Excess Kurtosis                2.695
2026-03-09 11:10:45,714 - INFO -   Active Trading %               100.0%
2026-03-09 11:10:45,714 - INFO -   Halted BIL %                   0.0%
2026-03-09 11:10:45,714 - INFO -   Ramp-in %                      0.0%
2026-03-09 11:10:45,714 - INFO -   Final NAV                      $106,365.13
2026-03-09 11:10:45,714 - INFO -   Trading Days                   126
2026-03-09 11:10:45,716 - INFO -   F2: IS SR=0.137 | OOS SR=0.620  CAGR=13.14%  MaxDD=-6.51%
2026-03-09 11:10:45,716 - INFO - Backtest window: 2019-01-02 → 2021-07-02 (631 total days, warmup=21d, recording from 2019-01-02)
2026-03-09 11:10:47,662 - INFO -   CAGR                           +7.50%
2026-03-09 11:10:47,663 - INFO -   Ann. Volatility                10.34%
2026-03-09 11:10:47,663 - INFO -   Sharpe Ratio                   0.268
2026-03-09 11:10:47,663 - INFO -   Sortino Ratio                  0.377
2026-03-09 11:10:47,663 - INFO -   Calmar Ratio                   0.734
2026-03-09 11:10:47,663 - INFO -   Max Drawdown                   -10.22%
2026-03-09 11:10:47,663 - INFO -   Max DD Duration                173 days
2026-03-09 11:10:47,663 - INFO -   VaR-95 (daily)                 -1.11%
2026-03-09 11:10:47,663 - INFO -   CVaR-95 (daily)                -1.52%
2026-03-09 11:10:47,663 - INFO -   Hit Rate                       48.18%
2026-03-09 11:10:47,663 - INFO -   Avg Daily Turnover             47.97%
2026-03-09 11:10:47,663 - INFO -   Cost Drag (ann. bps)           309.5
2026-03-09 11:10:47,663 - INFO -   PSR (SR>0)                     1.0000
2026-03-09 11:10:47,663 - INFO -   Skewness                       0.093
2026-03-09 11:10:47,663 - INFO -   Excess Kurtosis                2.438
2026-03-09 11:10:47,663 - INFO -   Active Trading %               96.7%
2026-03-09 11:10:47,663 - INFO -   Halted BIL %                   0.0%
2026-03-09 11:10:47,663 - INFO -   Ramp-in %                      0.0%
2026-03-09 11:10:47,663 - INFO -   Final NAV                      $119,853.87
2026-03-09 11:10:47,663 - INFO -   Trading Days                   631
2026-03-09 11:10:47,665 - INFO - Backtest window: 2021-06-04 → 2021-12-31 (147 total days, warmup=21d, recording from 2021-07-06)
2026-03-09 11:10:48,051 - INFO -   CAGR                           +29.28%
2026-03-09 11:10:48,051 - INFO -   Ann. Volatility                16.07%
2026-03-09 11:10:48,051 - INFO -   Sharpe Ratio                   1.316
2026-03-09 11:10:48,051 - INFO -   Sortino Ratio                  1.815
2026-03-09 11:10:48,051 - INFO -   Calmar Ratio                   7.821
2026-03-09 11:10:48,051 - INFO -   Max Drawdown                   -3.74%
2026-03-09 11:10:48,051 - INFO -   Max DD Duration                37 days
2026-03-09 11:10:48,051 - INFO -   VaR-95 (daily)                 -1.33%
2026-03-09 11:10:48,051 - INFO -   CVaR-95 (daily)                -2.20%
2026-03-09 11:10:48,051 - INFO -   Hit Rate                       57.94%
2026-03-09 11:10:48,051 - INFO -   Avg Daily Turnover             27.20%
2026-03-09 11:10:48,051 - INFO -   Cost Drag (ann. bps)           188.3
2026-03-09 11:10:48,051 - INFO -   PSR (SR>0)                     1.0000
2026-03-09 11:10:48,051 - INFO -   Skewness                       0.094
2026-03-09 11:10:48,051 - INFO -   Excess Kurtosis                3.501
2026-03-09 11:10:48,051 - INFO -   Active Trading %               100.0%
2026-03-09 11:10:48,051 - INFO -   Halted BIL %                   0.0%
2026-03-09 11:10:48,051 - INFO -   Ramp-in %                      0.0%
2026-03-09 11:10:48,051 - INFO -   Final NAV                      $113,700.13
2026-03-09 11:10:48,051 - INFO -   Trading Days                   126
2026-03-09 11:10:48,053 - INFO -   F3: IS SR=0.268 | OOS SR=1.316  CAGR=29.28%  MaxDD=-3.74%
2026-03-09 11:10:48,054 - INFO - Backtest window: 2019-01-02 → 2021-12-31 (757 total days, warmup=21d, recording from 2019-01-02)
2026-03-09 11:10:50,475 - INFO -   CAGR                           +10.99%
2026-03-09 11:10:50,475 - INFO -   Ann. Volatility                11.51%
2026-03-09 11:10:50,475 - INFO -   Sharpe Ratio                   0.529
2026-03-09 11:10:50,475 - INFO -   Sortino Ratio                  0.736
2026-03-09 11:10:50,475 - INFO -   Calmar Ratio                   1.075
2026-03-09 11:10:50,475 - INFO -   Max Drawdown                   -10.22%
2026-03-09 11:10:50,475 - INFO -   Max DD Duration                173 days
2026-03-09 11:10:50,475 - INFO -   VaR-95 (daily)                 -1.16%
2026-03-09 11:10:50,475 - INFO -   CVaR-95 (daily)                -1.66%
2026-03-09 11:10:50,475 - INFO -   Hit Rate                       49.93%
2026-03-09 11:10:50,475 - INFO -   Avg Daily Turnover             44.40%
2026-03-09 11:10:50,475 - INFO -   Cost Drag (ann. bps)           289.5
2026-03-09 11:10:50,475 - INFO -   PSR (SR>0)                     1.0000
2026-03-09 11:10:50,475 - INFO -   Skewness                       0.144
2026-03-09 11:10:50,475 - INFO -   Excess Kurtosis                4.087
2026-03-09 11:10:50,475 - INFO -   Active Trading %               97.2%
2026-03-09 11:10:50,475 - INFO -   Halted BIL %                   0.0%
2026-03-09 11:10:50,475 - INFO -   Ramp-in %                      0.0%
2026-03-09 11:10:50,475 - INFO -   Final NAV                      $136,773.53
2026-03-09 11:10:50,475 - INFO -   Trading Days                   757
2026-03-09 11:10:50,477 - INFO - Backtest window: 2021-12-02 → 2022-07-01 (146 total days, warmup=21d, recording from 2022-01-03)
2026-03-09 11:10:50,835 - INFO -   CAGR                           +49.84%
2026-03-09 11:10:50,836 - INFO -   Ann. Volatility                12.03%
2026-03-09 11:10:50,836 - INFO -   Sharpe Ratio                   2.938
2026-03-09 11:10:50,836 - INFO -   Sortino Ratio                  5.413
2026-03-09 11:10:50,836 - INFO -   Calmar Ratio                   7.414
2026-03-09 11:10:50,836 - INFO -   Max Drawdown                   -6.72%
2026-03-09 11:10:50,836 - INFO -   Max DD Duration                63 days
2026-03-09 11:10:50,836 - INFO -   VaR-95 (daily)                 -0.94%
2026-03-09 11:10:50,836 - INFO -   CVaR-95 (daily)                -1.35%
2026-03-09 11:10:50,836 - INFO -   Hit Rate                       53.60%
2026-03-09 11:10:50,836 - INFO -   Avg Daily Turnover             25.20%
2026-03-09 11:10:50,836 - INFO -   Cost Drag (ann. bps)           162.2
2026-03-09 11:10:50,836 - INFO -   PSR (SR>0)                     1.0000
2026-03-09 11:10:50,836 - INFO -   Skewness                       0.235
2026-03-09 11:10:50,836 - INFO -   Excess Kurtosis                0.275
2026-03-09 11:10:50,836 - INFO -   Active Trading %               100.0%
2026-03-09 11:10:50,836 - INFO -   Halted BIL %                   0.0%
2026-03-09 11:10:50,836 - INFO -   Ramp-in %                      0.0%
2026-03-09 11:10:50,836 - INFO -   Final NAV                      $122,213.46
2026-03-09 11:10:50,836 - INFO -   Trading Days                   125
2026-03-09 11:10:50,838 - INFO -   F4: IS SR=0.529 | OOS SR=2.938  CAGR=49.84%  MaxDD=-6.72%
2026-03-09 11:10:50,838 - INFO - Backtest window: 2019-01-02 → 2022-07-01 (882 total days, warmup=21d, recording from 2019-01-02)
2026-03-09 11:10:53,667 - INFO -   CAGR                           +16.45%
2026-03-09 11:10:53,667 - INFO -   Ann. Volatility                11.66%
2026-03-09 11:10:53,667 - INFO -   Sharpe Ratio                   0.935
2026-03-09 11:10:53,667 - INFO -   Sortino Ratio                  1.354
2026-03-09 11:10:53,667 - INFO -   Calmar Ratio                   1.609
2026-03-09 11:10:53,667 - INFO -   Max Drawdown                   -10.22%
2026-03-09 11:10:53,667 - INFO -   Max DD Duration                173 days
2026-03-09 11:10:53,667 - INFO -   VaR-95 (daily)                 -1.15%
2026-03-09 11:10:53,667 - INFO -   CVaR-95 (daily)                -1.62%
2026-03-09 11:10:53,667 - INFO -   Hit Rate                       50.57%
2026-03-09 11:10:53,667 - INFO -   Avg Daily Turnover             41.58%
2026-03-09 11:10:53,667 - INFO -   Cost Drag (ann. bps)           271.8
2026-03-09 11:10:53,667 - INFO -   PSR (SR>0)                     1.0000
2026-03-09 11:10:53,667 - INFO -   Skewness                       0.182
2026-03-09 11:10:53,667 - INFO -   Excess Kurtosis                3.416
2026-03-09 11:10:53,667 - INFO -   Active Trading %               97.6%
2026-03-09 11:10:53,667 - INFO -   Halted BIL %                   0.0%
2026-03-09 11:10:53,667 - INFO -   Ramp-in %                      0.0%
2026-03-09 11:10:53,667 - INFO -   Final NAV                      $170,385.73
2026-03-09 11:10:53,667 - INFO -   Trading Days                   882
2026-03-09 11:10:53,669 - INFO - Backtest window: 2022-06-02 → 2022-12-30 (147 total days, warmup=21d, recording from 2022-07-05)
2026-03-09 11:10:54,036 - INFO -   CAGR                           -0.95%
2026-03-09 11:10:54,036 - INFO -   Ann. Volatility                9.57%
2026-03-09 11:10:54,036 - INFO -   Sharpe Ratio                   -0.662
2026-03-09 11:10:54,036 - INFO -   Sortino Ratio                  -0.980
2026-03-09 11:10:54,036 - INFO -   Calmar Ratio                   -0.118
2026-03-09 11:10:54,036 - INFO -   Max Drawdown                   -8.09%
2026-03-09 11:10:54,036 - INFO -   Max DD Duration                106 days
2026-03-09 11:10:54,036 - INFO -   VaR-95 (daily)                 -1.02%
2026-03-09 11:10:54,036 - INFO -   CVaR-95 (daily)                -1.38%
2026-03-09 11:10:54,036 - INFO -   Hit Rate                       43.65%
2026-03-09 11:10:54,036 - INFO -   Avg Daily Turnover             49.26%
2026-03-09 11:10:54,036 - INFO -   Cost Drag (ann. bps)           311.7
2026-03-09 11:10:54,036 - INFO -   PSR (SR>0)                     0.0000
2026-03-09 11:10:54,036 - INFO -   Skewness                       -0.160
2026-03-09 11:10:54,036 - INFO -   Excess Kurtosis                0.722
2026-03-09 11:10:54,036 - INFO -   Active Trading %               100.0%
2026-03-09 11:10:54,036 - INFO -   Halted BIL %                   0.0%
2026-03-09 11:10:54,037 - INFO -   Ramp-in %                      0.0%
2026-03-09 11:10:54,037 - INFO -   Final NAV                      $99,521.37
2026-03-09 11:10:54,037 - INFO -   Trading Days                   126
2026-03-09 11:10:54,040 - INFO -   F5: IS SR=0.935 | OOS SR=-0.662  CAGR=-0.95%  MaxDD=-8.09%
2026-03-09 11:10:54,040 - INFO - Backtest window: 2019-01-02 → 2022-12-30 (1008 total days, warmup=21d, recording from 2019-01-02)
2026-03-09 11:10:57,266 - INFO -   CAGR                           +13.91%
2026-03-09 11:10:57,267 - INFO -   Ann. Volatility                11.43%
2026-03-09 11:10:57,267 - INFO -   Sharpe Ratio                   0.760
2026-03-09 11:10:57,267 - INFO -   Sortino Ratio                  1.107
2026-03-09 11:10:57,267 - INFO -   Calmar Ratio                   1.361
2026-03-09 11:10:57,267 - INFO -   Max Drawdown                   -10.22%
2026-03-09 11:10:57,267 - INFO -   Max DD Duration                173 days
2026-03-09 11:10:57,268 - INFO -   VaR-95 (daily)                 -1.14%
2026-03-09 11:10:57,268 - INFO -   CVaR-95 (daily)                -1.60%
2026-03-09 11:10:57,268 - INFO -   Hit Rate                       49.70%
2026-03-09 11:10:57,268 - INFO -   Avg Daily Turnover             42.50%
2026-03-09 11:10:57,268 - INFO -   Cost Drag (ann. bps)           279.0
2026-03-09 11:10:57,268 - INFO -   PSR (SR>0)                     1.0000
2026-03-09 11:10:57,268 - INFO -   Skewness                       0.169
2026-03-09 11:10:57,268 - INFO -   Excess Kurtosis                3.333
2026-03-09 11:10:57,268 - INFO -   Active Trading %               97.9%
2026-03-09 11:10:57,268 - INFO -   Halted BIL %                   0.0%
2026-03-09 11:10:57,268 - INFO -   Ramp-in %                      0.0%
2026-03-09 11:10:57,268 - INFO -   Final NAV                      $168,384.06
2026-03-09 11:10:57,268 - INFO -   Trading Days                   1008
2026-03-09 11:10:57,270 - INFO - Backtest window: 2022-12-01 → 2023-06-30 (145 total days, warmup=21d, recording from 2023-01-03)
2026-03-09 11:10:57,654 - INFO -   CAGR                           +1.88%
2026-03-09 11:10:57,654 - INFO -   Ann. Volatility                12.05%
2026-03-09 11:10:57,654 - INFO -   Sharpe Ratio                   -0.270
2026-03-09 11:10:57,654 - INFO -   Sortino Ratio                  -0.383
2026-03-09 11:10:57,654 - INFO -   Calmar Ratio                   0.183
2026-03-09 11:10:57,654 - INFO -   Max Drawdown                   -10.28%
2026-03-09 11:10:57,654 - INFO -   Max DD Duration                39 days
2026-03-09 11:10:57,654 - INFO -   VaR-95 (daily)                 -1.12%
2026-03-09 11:10:57,654 - INFO -   CVaR-95 (daily)                -1.72%
2026-03-09 11:10:57,654 - INFO -   Hit Rate                       48.39%
2026-03-09 11:10:57,654 - INFO -   Avg Daily Turnover             41.45%
2026-03-09 11:10:57,654 - INFO -   Cost Drag (ann. bps)           279.7
2026-03-09 11:10:57,654 - INFO -   PSR (SR>0)                     0.0015
2026-03-09 11:10:57,654 - INFO -   Skewness                       -0.132
2026-03-09 11:10:57,654 - INFO -   Excess Kurtosis                1.428
2026-03-09 11:10:57,654 - INFO -   Active Trading %               100.0%
2026-03-09 11:10:57,654 - INFO -   Halted BIL %                   0.0%
2026-03-09 11:10:57,654 - INFO -   Ramp-in %                      0.0%
2026-03-09 11:10:57,654 - INFO -   Final NAV                      $100,919.79
2026-03-09 11:10:57,654 - INFO -   Trading Days                   124
2026-03-09 11:10:57,657 - INFO -   F6: IS SR=0.760 | OOS SR=-0.270  CAGR=1.88%  MaxDD=-10.28%
2026-03-09 11:10:57,657 - INFO - Backtest window: 2019-01-02 → 2023-06-30 (1132 total days, warmup=21d, recording from 2019-01-02)
